dataset,seed,depth,test_index,start_teacher_class,start_surrogate_class,target_class,start_teacher_confidence,counterfactual_distance,teacher_counterfactual_class,transfer_success
breast_cancer,8,2,0,1,1,0,11.91718578338623,2.9427082350231233,0,True
breast_cancer,8,2,1,1,1,0,9.159567832946777,2.7477023978546264,0,True
breast_cancer,8,2,2,0,0,1,187.45425415039062,8.563885126356992,0,False
breast_cancer,8,2,3,1,1,0,32.68559646606445,5.617337899059257,0,True
breast_cancer,8,2,4,1,1,0,45.89006423950195,4.168445767878044,1,False
breast_cancer,8,2,5,0,0,1,109.49934387207031,6.8753551822716465,0,False
breast_cancer,8,2,7,0,0,1,150.95755004882812,6.143737971212485,0,False
breast_cancer,8,2,8,0,0,1,125.84559631347656,5.744383038525137,0,False
breast_cancer,8,2,9,1,1,0,25.786134719848633,2.8115044952810737,0,True
breast_cancer,8,2,10,0,0,1,106.92194366455078,4.808139740281302,0,False
breast_cancer,8,2,11,1,1,0,26.276657104492188,2.3926905786599972,1,False
breast_cancer,8,2,12,1,1,0,45.80437088012695,4.391696874954341,1,False
breast_cancer,8,2,13,1,1,0,31.928714752197266,2.845775128849341,1,False
breast_cancer,8,2,14,1,1,0,45.436767578125,3.55576884559722,1,False
breast_cancer,8,2,15,0,0,1,137.0872802734375,9.28821037109588,0,False
breast_cancer,8,2,16,1,1,0,10.590587615966797,2.5787840915518836,0,True
breast_cancer,8,2,17,1,1,0,39.391822814941406,5.567360815794251,1,False
breast_cancer,8,2,18,0,0,1,8.56152057647705,2.9348531033329515,0,False
breast_cancer,8,2,20,1,1,0,31.162761688232422,3.002851812855449,1,False
breast_cancer,8,2,21,1,1,0,18.505794525146484,3.018618434560503,1,False
breast_cancer,8,2,22,1,1,0,35.44489669799805,3.288203936293951,1,False
breast_cancer,8,2,23,1,1,0,14.469110488891602,5.41504728324565,0,True
breast_cancer,8,2,24,0,0,1,101.82239532470703,4.557815837846729,0,False
breast_cancer,8,2,26,1,1,0,43.042137145996094,4.53773561201528,1,False
breast_cancer,8,2,27,1,1,0,41.4348258972168,3.603966838591422,1,False
breast_cancer,8,2,28,0,0,1,46.49112319946289,4.015762248992525,0,False
breast_cancer,8,2,29,1,1,0,9.421067237854004,3.0657975419478394,0,True
breast_cancer,8,2,30,0,0,1,81.48139953613281,4.931735529835304,0,False
breast_cancer,8,2,32,1,1,0,37.93830108642578,3.0887242412530522,1,False
breast_cancer,8,2,33,0,0,1,27.05585289001465,3.2510673357958173,0,False
breast_cancer,8,2,34,1,1,0,25.11054801940918,3.1991606212518855,1,False
breast_cancer,8,2,35,0,0,1,78.44722747802734,3.679597646447527,0,False
breast_cancer,8,2,36,0,0,1,51.77926254272461,3.7902161859072883,0,False
breast_cancer,8,2,39,0,0,1,45.975257873535156,4.564065432844878,1,True
breast_cancer,8,2,40,0,0,1,138.9835968017578,6.74993009234746,0,False
breast_cancer,8,2,41,1,1,0,35.454063415527344,5.294586791624273,0,True
breast_cancer,8,2,42,0,0,1,56.53072738647461,2.577726240144932,0,False
breast_cancer,8,2,43,1,1,0,18.7703914642334,3.76336297676631,0,True
breast_cancer,8,2,44,1,1,0,24.84998321533203,6.621105599747251,0,True
breast_cancer,8,2,45,1,1,0,40.17727279663086,4.666435020295124,1,False
breast_cancer,8,2,46,0,0,1,81.86915588378906,4.408980850773604,0,False
breast_cancer,8,2,47,0,0,1,52.2994270324707,3.3280082869942067,0,False
breast_cancer,8,2,48,1,1,0,23.272546768188477,2.905925711233439,1,False
breast_cancer,8,2,49,0,0,1,121.80656433105469,5.127231649069861,0,False
breast_cancer,8,2,50,1,1,0,27.68147850036621,3.2346013994671066,0,True
breast_cancer,8,2,51,1,1,0,36.488059997558594,4.962899928007816,1,False
breast_cancer,8,2,53,0,0,1,146.93600463867188,6.206962395853264,0,False
breast_cancer,8,2,54,0,0,1,13.348597526550293,2.505595349993834,0,False
breast_cancer,8,2,55,1,1,0,43.803466796875,5.500548082960266,0,True
breast_cancer,8,2,56,1,1,0,2.058438777923584,3.055375167962761,1,False
breast_cancer,8,2,57,0,0,1,112.10342407226562,5.010666893389165,0,False
breast_cancer,8,2,58,0,0,1,81.75888061523438,4.614153832455224,0,False
breast_cancer,8,2,59,1,1,0,0.8422858119010925,3.5662047537987287,0,True
breast_cancer,8,2,60,0,0,1,84.59699249267578,4.4016706393221305,0,False
breast_cancer,8,2,62,0,0,1,90.79750061035156,4.445600822417817,0,False
breast_cancer,8,2,63,1,1,0,47.012779235839844,6.710867922432072,0,True
breast_cancer,8,2,64,1,1,0,35.03142547607422,3.3890193719017923,1,False
breast_cancer,8,2,65,1,1,0,30.325206756591797,4.552139305434161,0,True
breast_cancer,8,2,66,1,1,0,27.77092933654785,3.567938718891077,0,True
breast_cancer,8,2,67,0,0,1,41.44643020629883,2.6991022999772856,0,False
breast_cancer,8,2,68,1,1,0,22.56093978881836,2.4747731817523353,1,False
breast_cancer,8,2,69,0,0,1,77.60536193847656,4.671641759373634,0,False
breast_cancer,8,2,70,1,1,0,40.3786735534668,4.132254294250637,1,False
breast_cancer,8,2,71,1,1,0,21.93471908569336,4.1120162982779975,0,True
breast_cancer,8,2,72,1,1,0,10.915007591247559,3.854589535756433,0,True
breast_cancer,8,2,73,1,1,0,36.01757049560547,6.123147181674148,0,True
breast_cancer,8,2,74,1,1,0,38.14173889160156,5.519838890770715,0,True
breast_cancer,8,2,75,1,1,0,4.329543113708496,3.320750265468106,0,True
breast_cancer,8,2,76,0,0,1,38.34995651245117,4.5538275170648355,0,False
breast_cancer,8,2,77,0,0,1,121.88613891601562,5.531780317830721,0,False
breast_cancer,8,2,78,1,1,0,31.710430145263672,3.492773482453438,1,False
breast_cancer,8,2,79,1,1,0,42.898223876953125,5.537736068378326,1,False
breast_cancer,8,2,80,1,1,0,37.01848220825195,5.95845679001555,0,True
breast_cancer,8,2,81,1,1,0,24.448978424072266,3.872596281015898,0,True
breast_cancer,8,2,82,1,1,0,12.116194725036621,7.4442552287253685,0,True
breast_cancer,8,2,83,0,0,1,38.3988151550293,3.5425808095730744,1,True
breast_cancer,8,2,84,1,1,0,30.034440994262695,4.2797738515569055,0,True
breast_cancer,8,2,85,0,0,1,71.77243041992188,5.673708218984812,0,False
breast_cancer,8,2,86,0,0,1,73.51505279541016,4.683116198347557,0,False
breast_cancer,8,2,87,0,0,1,135.480224609375,7.093271993505781,0,False
breast_cancer,8,2,88,1,1,0,15.326619148254395,4.822705244910788,0,True
breast_cancer,8,2,89,1,1,0,21.7615909576416,3.41760247454179,0,True
breast_cancer,8,2,90,0,0,1,120.31951141357422,5.608527560082036,0,False
breast_cancer,8,2,91,0,0,1,8.505057334899902,3.4624667293923643,1,True
breast_cancer,8,2,92,1,1,0,15.385971069335938,2.976126673172592,0,True
breast_cancer,8,2,93,0,0,1,39.732906341552734,3.445031171978194,0,False
breast_cancer,8,2,94,1,1,0,34.13064956665039,5.7762083577231875,0,True
breast_cancer,8,2,95,0,0,1,61.13607406616211,5.29285203537619,1,True
breast_cancer,8,2,96,1,1,0,6.037473201751709,3.116447456594716,0,True
breast_cancer,8,2,97,1,1,0,21.265151977539062,3.8632635788855487,1,False
breast_cancer,8,2,99,1,1,0,19.28129768371582,3.4704080628150114,0,True
breast_cancer,8,2,100,1,1,0,17.47580909729004,5.691364534432029,0,True
breast_cancer,8,2,101,0,0,1,88.4773941040039,4.953012782105113,0,False
breast_cancer,8,2,102,1,1,0,13.131587028503418,5.042516010297567,0,True
breast_cancer,8,2,103,1,1,0,31.90066146850586,4.308814953780994,0,True
breast_cancer,8,2,104,1,1,0,25.66023826599121,4.122178506601243,0,True
breast_cancer,8,2,105,1,1,0,18.059463500976562,4.14528537264728,0,True
breast_cancer,8,2,106,1,1,0,34.73685836791992,4.9545292768597395,0,True
breast_cancer,8,2,107,1,1,0,31.02790641784668,4.116526750095526,0,True
breast_cancer,8,2,108,1,1,0,40.49605941772461,4.581486545283652,1,False
breast_cancer,8,2,109,1,1,0,19.587087631225586,3.9077665956938583,0,True
breast_cancer,8,2,110,1,1,0,2.995809555053711,4.325992195943417,0,True
breast_cancer,8,2,111,0,0,1,57.08172607421875,3.2306990771682416,0,False
breast_cancer,8,2,112,0,0,1,168.900634765625,7.815657996643026,0,False
breast_cancer,8,3,0,1,1,0,11.91718578338623,2.9427082350231233,0,True
breast_cancer,8,3,1,1,1,0,9.159567832946777,2.4991419979464924,0,True
breast_cancer,8,3,2,0,0,1,187.45425415039062,8.563885126356992,0,False
breast_cancer,8,3,3,1,1,0,32.68559646606445,3.862853353254874,1,False
breast_cancer,8,3,4,1,1,0,45.89006423950195,3.843631494804385,1,False
breast_cancer,8,3,5,0,0,1,109.49934387207031,6.8753551822716465,0,False
breast_cancer,8,3,7,0,0,1,150.95755004882812,6.438952939112176,0,False
breast_cancer,8,3,8,0,0,1,125.84559631347656,5.744383038525137,0,False
breast_cancer,8,3,9,1,1,0,25.786134719848633,2.8115044952810737,0,True
breast_cancer,8,3,10,0,0,1,106.92194366455078,4.808139740281302,0,False
breast_cancer,8,3,11,1,1,0,26.276657104492188,2.3926905786599972,1,False
breast_cancer,8,3,12,1,1,0,45.80437088012695,4.391696874954341,1,False
breast_cancer,8,3,13,1,1,0,31.928714752197266,2.845775128849341,1,False
breast_cancer,8,3,14,1,1,0,45.436767578125,3.55576884559722,1,False
breast_cancer,8,3,15,0,0,1,137.0872802734375,9.28821037109588,0,False
breast_cancer,8,3,16,1,1,0,10.590587615966797,2.5787840915518836,0,True
breast_cancer,8,3,17,1,1,0,39.391822814941406,4.745174817815397,1,False
breast_cancer,8,3,18,0,0,1,8.56152057647705,2.9348531033329515,0,False
breast_cancer,8,3,20,1,1,0,31.162761688232422,3.002851812855449,1,False
breast_cancer,8,3,21,1,1,0,18.505794525146484,3.018618434560503,1,False
breast_cancer,8,3,22,1,1,0,35.44489669799805,3.288203936293951,1,False
breast_cancer,8,3,24,0,0,1,101.82239532470703,4.557815837846729,0,False
breast_cancer,8,3,26,1,1,0,43.042137145996094,4.53773561201528,1,False
breast_cancer,8,3,27,1,1,0,41.4348258972168,3.603966838591422,1,False
breast_cancer,8,3,28,0,0,1,46.49112319946289,4.015762248992525,0,False
breast_cancer,8,3,29,1,1,0,9.421067237854004,2.913626362701158,0,True
breast_cancer,8,3,30,0,0,1,81.48139953613281,4.931735529835304,0,False
breast_cancer,8,3,31,1,1,0,14.539209365844727,2.3637931366145524,1,False
breast_cancer,8,3,32,1,1,0,37.93830108642578,3.0887242412530522,1,False
breast_cancer,8,3,33,0,0,1,27.05585289001465,3.4212038953539405,0,False
breast_cancer,8,3,34,1,1,0,25.11054801940918,3.1991606212518855,1,False
breast_cancer,8,3,35,0,0,1,78.44722747802734,3.679597646447527,0,False
breast_cancer,8,3,36,0,0,1,51.77926254272461,3.7902161859072883,0,False
breast_cancer,8,3,39,0,0,1,45.975257873535156,4.564065432844878,1,True
breast_cancer,8,3,40,0,0,1,138.9835968017578,6.74993009234746,0,False
breast_cancer,8,3,41,1,1,0,35.454063415527344,4.716963544337066,1,False
breast_cancer,8,3,42,0,0,1,56.53072738647461,2.577726240144932,0,False
breast_cancer,8,3,43,1,1,0,18.7703914642334,3.5466938525593434,1,False
breast_cancer,8,3,44,1,1,0,24.84998321533203,3.697882451788977,1,False
breast_cancer,8,3,45,1,1,0,40.17727279663086,4.666435020295124,1,False
breast_cancer,8,3,46,0,0,1,81.86915588378906,4.408980850773604,0,False
breast_cancer,8,3,47,0,0,1,52.2994270324707,3.3280082869942067,0,False
breast_cancer,8,3,48,1,1,0,23.272546768188477,2.905925711233439,1,False
breast_cancer,8,3,49,0,0,1,121.80656433105469,5.127231649069861,0,False
breast_cancer,8,3,50,1,1,0,27.68147850036621,3.2346013994671066,0,True
breast_cancer,8,3,51,1,1,0,36.488059997558594,3.798058302395044,1,False
breast_cancer,8,3,53,0,0,1,146.93600463867188,6.206962395853264,0,False
breast_cancer,8,3,54,0,0,1,13.348597526550293,2.505595349993834,0,False
breast_cancer,8,3,55,1,1,0,43.803466796875,5.045183751648351,1,False
breast_cancer,8,3,56,1,1,0,2.058438777923584,3.055375167962761,1,False
breast_cancer,8,3,57,0,0,1,112.10342407226562,5.010666893389165,0,False
breast_cancer,8,3,58,0,0,1,81.75888061523438,4.614153832455224,0,False
breast_cancer,8,3,59,1,1,0,0.8422858119010925,3.0304107994343275,0,True
breast_cancer,8,3,60,0,0,1,84.59699249267578,4.4016706393221305,0,False
breast_cancer,8,3,62,0,0,1,90.79750061035156,4.445600822417817,0,False
breast_cancer,8,3,63,1,1,0,47.012779235839844,6.689220388906947,1,False
breast_cancer,8,3,64,1,1,0,35.03142547607422,3.3890193719017923,1,False
breast_cancer,8,3,65,1,1,0,30.325206756591797,4.552139305434161,0,True
breast_cancer,8,3,66,1,1,0,27.77092933654785,3.567938718891077,0,True
breast_cancer,8,3,67,0,0,1,41.44643020629883,2.6991022999772856,0,False
breast_cancer,8,3,68,1,1,0,22.56093978881836,2.4747731817523353,1,False
breast_cancer,8,3,69,0,0,1,77.60536193847656,4.671641759373634,0,False
breast_cancer,8,3,70,1,1,0,40.3786735534668,4.132254294250637,1,False
breast_cancer,8,3,71,1,1,0,21.93471908569336,3.945200102463843,0,True
breast_cancer,8,3,72,1,1,0,10.915007591247559,3.854589535756433,0,True
breast_cancer,8,3,73,1,1,0,36.01757049560547,4.260949148815829,1,False
breast_cancer,8,3,74,1,1,0,38.14173889160156,4.04745204369742,1,False
breast_cancer,8,3,75,1,1,0,4.329543113708496,2.638289463486419,0,True
breast_cancer,8,3,76,0,0,1,38.34995651245117,4.5538275170648355,0,False
breast_cancer,8,3,77,0,0,1,121.88613891601562,5.931197131110223,0,False
breast_cancer,8,3,78,1,1,0,31.710430145263672,3.492773482453438,1,False
breast_cancer,8,3,79,1,1,0,42.898223876953125,5.537736068378326,1,False
breast_cancer,8,3,80,1,1,0,37.01848220825195,5.399122505372154,1,False
breast_cancer,8,3,81,1,1,0,24.448978424072266,3.872596281015898,0,True
breast_cancer,8,3,82,1,1,0,12.116194725036621,3.687217816342618,0,True
breast_cancer,8,3,83,0,0,1,38.3988151550293,3.5425808095730744,1,True
breast_cancer,8,3,84,1,1,0,30.034440994262695,4.2797738515569055,0,True
breast_cancer,8,3,85,0,0,1,71.77243041992188,5.673708218984812,0,False
breast_cancer,8,3,86,0,0,1,73.51505279541016,4.683116198347557,0,False
breast_cancer,8,3,87,0,0,1,135.480224609375,7.093271993505781,0,False
breast_cancer,8,3,88,1,1,0,15.326619148254395,4.294099937722301,1,False
breast_cancer,8,3,89,1,1,0,21.7615909576416,3.41760247454179,0,True
breast_cancer,8,3,90,0,0,1,120.31951141357422,5.608527560082036,0,False
breast_cancer,8,3,91,0,0,1,8.505057334899902,3.4624667293923643,1,True
breast_cancer,8,3,92,1,1,0,15.385971069335938,2.976126673172592,0,True
breast_cancer,8,3,93,0,0,1,39.732906341552734,3.445031171978194,0,False
breast_cancer,8,3,94,1,1,0,34.13064956665039,4.934546218497169,0,True
breast_cancer,8,3,96,1,1,0,6.037473201751709,2.347823293865253,0,True
breast_cancer,8,3,97,1,1,0,21.265151977539062,3.8632635788855487,1,False
breast_cancer,8,3,99,1,1,0,19.28129768371582,3.4704080628150114,0,True
breast_cancer,8,3,100,1,1,0,17.47580909729004,3.946079874898357,0,True
breast_cancer,8,3,101,0,0,1,88.4773941040039,4.953012782105113,0,False
breast_cancer,8,3,102,1,1,0,13.131587028503418,4.300547486646981,0,True
breast_cancer,8,3,103,1,1,0,31.90066146850586,4.308814953780994,0,True
breast_cancer,8,3,104,1,1,0,25.66023826599121,4.122178506601243,0,True
breast_cancer,8,3,105,1,1,0,18.059463500976562,4.14528537264728,0,True
breast_cancer,8,3,106,1,1,0,34.73685836791992,3.161400804395079,1,False
breast_cancer,8,3,107,1,1,0,31.02790641784668,4.116526750095526,0,True
breast_cancer,8,3,108,1,1,0,40.49605941772461,4.581486545283652,1,False
breast_cancer,8,3,109,1,1,0,19.587087631225586,3.730917384934614,0,True
breast_cancer,8,3,110,1,1,0,2.995809555053711,3.82729868986297,0,True
breast_cancer,8,3,111,0,0,1,57.08172607421875,3.2306990771682416,0,False
breast_cancer,8,3,112,0,0,1,168.900634765625,8.95422805357718,0,False
breast_cancer,8,3,113,1,1,0,26.630661010742188,4.830507760703301,0,True
breast_cancer,8,5,0,1,1,0,11.91718578338623,2.9427082350231233,0,True
breast_cancer,8,5,1,1,1,0,9.159567832946777,2.7477023978546264,0,True
breast_cancer,8,5,2,0,0,1,187.45425415039062,8.563885126356992,0,False
breast_cancer,8,5,3,1,1,0,32.68559646606445,5.52103972937929,1,False
breast_cancer,8,5,4,1,1,0,45.89006423950195,3.843631494804385,1,False
breast_cancer,8,5,5,0,0,1,109.49934387207031,6.8753551822716465,0,False
breast_cancer,8,5,7,0,0,1,150.95755004882812,6.143737971212485,0,False
breast_cancer,8,5,8,0,0,1,125.84559631347656,5.744383038525137,0,False
breast_cancer,8,5,9,1,1,0,25.786134719848633,2.8115044952810737,0,True
breast_cancer,8,5,10,0,0,1,106.92194366455078,4.808139740281302,0,False
breast_cancer,8,5,11,1,1,0,26.276657104492188,2.3926905786599972,1,False
breast_cancer,8,5,12,1,1,0,45.80437088012695,4.391696874954341,1,False
breast_cancer,8,5,13,1,1,0,31.928714752197266,2.845775128849341,1,False
breast_cancer,8,5,14,1,1,0,45.436767578125,3.55576884559722,1,False
breast_cancer,8,5,15,0,0,1,137.0872802734375,9.28821037109588,0,False
breast_cancer,8,5,16,1,1,0,10.590587615966797,2.5787840915518836,0,True
breast_cancer,8,5,17,1,1,0,39.391822814941406,5.29290164020383,1,False
breast_cancer,8,5,18,0,0,1,8.56152057647705,2.9348531033329515,0,False
breast_cancer,8,5,20,1,1,0,31.162761688232422,3.002851812855449,1,False
breast_cancer,8,5,21,1,1,0,18.505794525146484,3.018618434560503,1,False
breast_cancer,8,5,22,1,1,0,35.44489669799805,3.288203936293951,1,False
breast_cancer,8,5,23,1,1,0,14.469110488891602,5.216129899790023,1,False
breast_cancer,8,5,24,0,0,1,101.82239532470703,4.557815837846729,0,False
breast_cancer,8,5,25,0,0,1,57.68035888671875,4.996667403241177,0,False
breast_cancer,8,5,26,1,1,0,43.042137145996094,4.53773561201528,1,False
breast_cancer,8,5,27,1,1,0,41.4348258972168,3.603966838591422,1,False
breast_cancer,8,5,28,0,0,1,46.49112319946289,4.015762248992525,0,False
breast_cancer,8,5,29,1,1,0,9.421067237854004,3.0657975419478394,0,True
breast_cancer,8,5,30,0,0,1,81.48139953613281,4.931735529835304,0,False
breast_cancer,8,5,31,1,1,0,14.539209365844727,2.3637931366145524,1,False
breast_cancer,8,5,32,1,1,0,37.93830108642578,3.0887242412530522,1,False
breast_cancer,8,5,33,0,0,1,27.05585289001465,3.2510673357958173,0,False
breast_cancer,8,5,34,1,1,0,25.11054801940918,3.1991606212518855,1,False
breast_cancer,8,5,35,0,0,1,78.44722747802734,3.679597646447527,0,False
breast_cancer,8,5,36,0,0,1,51.77926254272461,3.7902161859072883,0,False
breast_cancer,8,5,39,0,0,1,45.975257873535156,4.564065432844878,1,True
breast_cancer,8,5,40,0,0,1,138.9835968017578,6.74993009234746,0,False
breast_cancer,8,5,41,1,1,0,35.454063415527344,4.716963544337066,1,False
breast_cancer,8,5,42,0,0,1,56.53072738647461,2.577726240144932,0,False
breast_cancer,8,5,43,1,1,0,18.7703914642334,3.5466938525593434,1,False
breast_cancer,8,5,44,1,1,0,24.84998321533203,5.981565823083881,1,False
breast_cancer,8,5,45,1,1,0,40.17727279663086,4.666435020295124,1,False
breast_cancer,8,5,46,0,0,1,81.86915588378906,4.408980850773604,0,False
breast_cancer,8,5,47,0,0,1,52.2994270324707,3.3280082869942067,0,False
breast_cancer,8,5,48,1,1,0,23.272546768188477,2.905925711233439,1,False
breast_cancer,8,5,49,0,0,1,121.80656433105469,5.127231649069861,0,False
breast_cancer,8,5,50,1,1,0,27.68147850036621,3.2346013994671066,0,True
breast_cancer,8,5,51,1,1,0,36.488059997558594,4.962899928007816,1,False
breast_cancer,8,5,53,0,0,1,146.93600463867188,6.206962395853264,0,False
breast_cancer,8,5,54,0,0,1,13.348597526550293,2.505595349993834,0,False
breast_cancer,8,5,55,1,1,0,43.803466796875,5.045183751648351,1,False
breast_cancer,8,5,56,1,1,0,2.058438777923584,3.055375167962761,1,False
breast_cancer,8,5,57,0,0,1,112.10342407226562,5.010666893389165,0,False
breast_cancer,8,5,58,0,0,1,81.75888061523438,4.614153832455224,0,False
breast_cancer,8,5,59,1,1,0,0.8422858119010925,3.5662047537987287,0,True
breast_cancer,8,5,60,0,0,1,84.59699249267578,4.4016706393221305,0,False
breast_cancer,8,5,62,0,0,1,90.79750061035156,4.445600822417817,0,False
breast_cancer,8,5,63,1,1,0,47.012779235839844,6.710867922432072,0,True
breast_cancer,8,5,64,1,1,0,35.03142547607422,3.3890193719017923,1,False
breast_cancer,8,5,65,1,1,0,30.325206756591797,4.552139305434161,0,True
breast_cancer,8,5,66,1,1,0,27.77092933654785,3.567938718891077,0,True
breast_cancer,8,5,67,0,0,1,41.44643020629883,2.6991022999772856,0,False
breast_cancer,8,5,68,1,1,0,22.56093978881836,2.4747731817523353,1,False
breast_cancer,8,5,69,0,0,1,77.60536193847656,4.671641759373634,0,False
breast_cancer,8,5,70,1,1,0,40.3786735534668,4.132254294250637,1,False
breast_cancer,8,5,71,1,1,0,21.93471908569336,4.1120162982779975,0,True
breast_cancer,8,5,72,1,1,0,10.915007591247559,3.854589535756433,0,True
breast_cancer,8,5,73,1,1,0,36.01757049560547,5.325884755690558,1,False
breast_cancer,8,5,74,1,1,0,38.14173889160156,5.15492920102477,1,False
breast_cancer,8,5,75,1,1,0,4.329543113708496,3.320750265468106,0,True
breast_cancer,8,5,76,0,0,1,38.34995651245117,4.5538275170648355,0,False
breast_cancer,8,5,77,0,0,1,121.88613891601562,5.531780317830721,0,False
breast_cancer,8,5,78,1,1,0,31.710430145263672,3.492773482453438,1,False
breast_cancer,8,5,79,1,1,0,42.898223876953125,5.537736068378326,1,False
breast_cancer,8,5,80,1,1,0,37.01848220825195,5.399122505372154,1,False
breast_cancer,8,5,81,1,1,0,24.448978424072266,3.872596281015898,0,True
breast_cancer,8,5,82,1,1,0,12.116194725036621,6.321303584452406,1,False
breast_cancer,8,5,83,0,0,1,38.3988151550293,3.5425808095730744,1,True
breast_cancer,8,5,84,1,1,0,30.034440994262695,4.2797738515569055,0,True
breast_cancer,8,5,85,0,0,1,71.77243041992188,5.673708218984812,0,False
breast_cancer,8,5,86,0,0,1,73.51505279541016,4.683116198347557,0,False
breast_cancer,8,5,87,0,0,1,135.480224609375,7.093271993505781,0,False
breast_cancer,8,5,88,1,1,0,15.326619148254395,4.822705244910788,0,True
breast_cancer,8,5,89,1,1,0,21.7615909576416,3.41760247454179,0,True
breast_cancer,8,5,90,0,0,1,120.31951141357422,5.608527560082036,0,False
breast_cancer,8,5,91,0,0,1,8.505057334899902,3.4624667293923643,1,True
breast_cancer,8,5,92,1,1,0,15.385971069335938,2.976126673172592,0,True
breast_cancer,8,5,93,0,0,1,39.732906341552734,3.445031171978194,0,False
breast_cancer,8,5,94,1,1,0,34.13064956665039,5.769890429723066,1,False
breast_cancer,8,5,96,1,1,0,6.037473201751709,3.116447456594716,0,True
breast_cancer,8,5,97,1,1,0,21.265151977539062,3.8632635788855487,1,False
breast_cancer,8,5,99,1,1,0,19.28129768371582,3.4704080628150114,0,True
breast_cancer,8,5,100,1,1,0,17.47580909729004,5.516829466085477,1,False
breast_cancer,8,5,101,0,0,1,88.4773941040039,4.953012782105113,0,False
breast_cancer,8,5,102,1,1,0,13.131587028503418,5.042516010297567,0,True
breast_cancer,8,5,103,1,1,0,31.90066146850586,4.308814953780994,0,True
breast_cancer,8,5,104,1,1,0,25.66023826599121,4.122178506601243,0,True
breast_cancer,8,5,105,1,1,0,18.059463500976562,4.14528537264728,0,True
breast_cancer,8,5,106,1,1,0,34.73685836791992,4.122235716838551,1,False
breast_cancer,8,5,107,1,1,0,31.02790641784668,4.116526750095526,0,True
breast_cancer,8,5,108,1,1,0,40.49605941772461,4.581486545283652,1,False
breast_cancer,8,5,109,1,1,0,19.587087631225586,3.9077665956938583,0,True
breast_cancer,8,5,110,1,1,0,2.995809555053711,4.325992195943417,0,True
breast_cancer,8,5,111,0,0,1,57.08172607421875,3.2306990771682416,0,False
breast_cancer,8,5,112,0,0,1,168.900634765625,7.815657996643026,0,False
breast_cancer,8,5,113,1,1,0,26.630661010742188,4.830507760703301,0,True
breast_cancer,8,7,0,1,1,0,11.91718578338623,2.9427082350231233,0,True
breast_cancer,8,7,1,1,1,0,9.159567832946777,2.7315819774964156,1,False
breast_cancer,8,7,2,0,0,1,187.45425415039062,8.563885126356992,0,False
breast_cancer,8,7,3,1,1,0,32.68559646606445,3.862853353254874,1,False
breast_cancer,8,7,4,1,1,0,45.89006423950195,3.843631494804385,1,False
breast_cancer,8,7,5,0,0,1,109.49934387207031,6.8753551822716465,0,False
breast_cancer,8,7,6,0,0,1,16.525318145751953,3.2803495240335487,1,True
breast_cancer,8,7,7,0,0,1,150.95755004882812,6.143737971212485,0,False
breast_cancer,8,7,8,0,0,1,125.84559631347656,5.744383038525137,0,False
breast_cancer,8,7,9,1,1,0,25.786134719848633,2.8115044952810737,0,True
breast_cancer,8,7,10,0,0,1,106.92194366455078,4.808139740281302,0,False
breast_cancer,8,7,11,1,1,0,26.276657104492188,2.3926905786599972,1,False
breast_cancer,8,7,12,1,1,0,45.80437088012695,4.391696874954341,1,False
breast_cancer,8,7,13,1,1,0,31.928714752197266,2.845775128849341,1,False
breast_cancer,8,7,14,1,1,0,45.436767578125,3.55576884559722,1,False
breast_cancer,8,7,15,0,0,1,137.0872802734375,9.28821037109588,0,False
breast_cancer,8,7,16,1,1,0,10.590587615966797,2.5787840915518836,0,True
breast_cancer,8,7,17,1,1,0,39.391822814941406,4.745174817815397,1,False
breast_cancer,8,7,18,0,0,1,8.56152057647705,2.9348531033329515,0,False
breast_cancer,8,7,20,1,1,0,31.162761688232422,3.002851812855449,1,False
breast_cancer,8,7,21,1,1,0,18.505794525146484,3.018618434560503,1,False
breast_cancer,8,7,22,1,1,0,35.44489669799805,3.288203936293951,1,False
breast_cancer,8,7,23,1,1,0,14.469110488891602,4.3305635873089106,1,False
breast_cancer,8,7,24,0,0,1,101.82239532470703,4.557815837846729,0,False
breast_cancer,8,7,25,0,0,1,57.68035888671875,4.996667403241177,0,False
breast_cancer,8,7,26,1,1,0,43.042137145996094,4.53773561201528,1,False
breast_cancer,8,7,27,1,1,0,41.4348258972168,3.603966838591422,1,False
breast_cancer,8,7,28,0,0,1,46.49112319946289,4.015762248992525,0,False
breast_cancer,8,7,29,1,1,0,9.421067237854004,3.0657975419478394,0,True
breast_cancer,8,7,30,0,0,1,81.48139953613281,4.931735529835304,0,False
breast_cancer,8,7,31,1,1,0,14.539209365844727,2.3637931366145524,1,False
breast_cancer,8,7,32,1,1,0,37.93830108642578,3.0887242412530522,1,False
breast_cancer,8,7,33,0,0,1,27.05585289001465,3.2510673357958173,0,False
breast_cancer,8,7,34,1,1,0,25.11054801940918,3.1991606212518855,1,False
breast_cancer,8,7,35,0,0,1,78.44722747802734,3.679597646447527,0,False
breast_cancer,8,7,36,0,0,1,51.77926254272461,3.7902161859072883,0,False
breast_cancer,8,7,39,0,0,1,45.975257873535156,4.564065432844878,1,True
breast_cancer,8,7,40,0,0,1,138.9835968017578,6.74993009234746,0,False
breast_cancer,8,7,41,1,1,0,35.454063415527344,4.174571402645985,1,False
breast_cancer,8,7,42,0,0,1,56.53072738647461,2.577726240144932,0,False
breast_cancer,8,7,43,1,1,0,18.7703914642334,3.177860500812377,1,False
breast_cancer,8,7,44,1,1,0,24.84998321533203,3.697882451788977,1,False
breast_cancer,8,7,45,1,1,0,40.17727279663086,4.666435020295124,1,False
breast_cancer,8,7,46,0,0,1,81.86915588378906,4.408980850773604,0,False
breast_cancer,8,7,47,0,0,1,52.2994270324707,3.3280082869942067,0,False
breast_cancer,8,7,48,1,1,0,23.272546768188477,2.905925711233439,1,False
breast_cancer,8,7,49,0,0,1,121.80656433105469,5.127231649069861,0,False
breast_cancer,8,7,50,1,1,0,27.68147850036621,3.2346013994671066,0,True
breast_cancer,8,7,51,1,1,0,36.488059997558594,3.798058302395044,1,False
breast_cancer,8,7,53,0,0,1,146.93600463867188,6.206962395853264,0,False
breast_cancer,8,7,54,0,0,1,13.348597526550293,2.505595349993834,0,False
breast_cancer,8,7,55,1,1,0,43.803466796875,5.045183751648351,1,False
breast_cancer,8,7,56,1,1,0,2.058438777923584,3.055375167962761,1,False
breast_cancer,8,7,57,0,0,1,112.10342407226562,5.010666893389165,0,False
breast_cancer,8,7,58,0,0,1,81.75888061523438,4.614153832455224,0,False
breast_cancer,8,7,59,1,1,0,0.8422858119010925,1.8360448411130363,1,False
breast_cancer,8,7,60,0,0,1,84.59699249267578,4.4016706393221305,0,False
breast_cancer,8,7,62,0,0,1,90.79750061035156,4.445600822417817,0,False
breast_cancer,8,7,63,1,1,0,47.012779235839844,6.710867922432072,0,True
breast_cancer,8,7,64,1,1,0,35.03142547607422,3.3890193719017923,1,False
breast_cancer,8,7,65,1,1,0,30.325206756591797,4.284324162303076,1,False
breast_cancer,8,7,66,1,1,0,27.77092933654785,3.567938718891077,0,True
breast_cancer,8,7,67,0,0,1,41.44643020629883,2.745701100447953,0,False
breast_cancer,8,7,69,0,0,1,77.60536193847656,4.671641759373634,0,False
breast_cancer,8,7,70,1,1,0,40.3786735534668,4.132254294250637,1,False
breast_cancer,8,7,71,1,1,0,21.93471908569336,3.8108122162189435,1,False
breast_cancer,8,7,72,1,1,0,10.915007591247559,3.854589535756433,0,True
breast_cancer,8,7,73,1,1,0,36.01757049560547,4.260949148815829,1,False
breast_cancer,8,7,74,1,1,0,38.14173889160156,4.04745204369742,1,False
breast_cancer,8,7,75,1,1,0,4.329543113708496,2.7986504706032553,1,False
breast_cancer,8,7,76,0,0,1,38.34995651245117,4.5538275170648355,0,False
breast_cancer,8,7,77,0,0,1,121.88613891601562,5.531780317830721,0,False
breast_cancer,8,7,78,1,1,0,31.710430145263672,3.492773482453438,1,False
breast_cancer,8,7,79,1,1,0,42.898223876953125,5.537736068378326,1,False
breast_cancer,8,7,80,1,1,0,37.01848220825195,4.770343936621256,0,True
breast_cancer,8,7,81,1,1,0,24.448978424072266,3.869178267487223,0,True
breast_cancer,8,7,82,1,1,0,12.116194725036621,3.687217816342618,0,True
breast_cancer,8,7,83,0,0,1,38.3988151550293,3.5425808095730744,1,True
breast_cancer,8,7,84,1,1,0,30.034440994262695,4.045680012560696,1,False
breast_cancer,8,7,85,0,0,1,71.77243041992188,5.673708218984812,0,False
breast_cancer,8,7,86,0,0,1,73.51505279541016,4.683116198347557,0,False
breast_cancer,8,7,87,0,0,1,135.480224609375,7.093271993505781,0,False
breast_cancer,8,7,88,1,1,0,15.326619148254395,4.029979410062811,0,True
breast_cancer,8,7,89,1,1,0,21.7615909576416,3.41760247454179,0,True
breast_cancer,8,7,90,0,0,1,120.31951141357422,5.608527560082036,0,False
breast_cancer,8,7,91,0,0,1,8.505057334899902,3.4624667293923643,1,True
breast_cancer,8,7,92,1,1,0,15.385971069335938,2.976126673172592,0,True
breast_cancer,8,7,93,0,0,1,39.732906341552734,3.445031171978194,0,False
breast_cancer,8,7,94,1,1,0,34.13064956665039,2.508534840861732,1,False
breast_cancer,8,7,96,1,1,0,6.037473201751709,3.106090450542042,1,False
breast_cancer,8,7,97,1,1,0,21.265151977539062,3.8632635788855487,1,False
breast_cancer,8,7,98,0,0,1,3.11562180519104,2.9595945021052343,1,True
breast_cancer,8,7,99,1,1,0,19.28129768371582,2.9960210716869624,1,False
breast_cancer,8,7,100,1,1,0,17.47580909729004,3.5466857870877417,0,True
breast_cancer,8,7,101,0,0,1,88.4773941040039,4.953012782105113,0,False
breast_cancer,8,7,102,1,1,0,13.131587028503418,3.393725684991882,0,True
breast_cancer,8,7,103,1,1,0,31.90066146850586,4.308814953780994,0,True
breast_cancer,8,7,104,1,1,0,25.66023826599121,4.122178506601243,0,True
breast_cancer,8,7,105,1,1,0,18.059463500976562,2.8106686849620752,0,True
breast_cancer,8,7,106,1,1,0,34.73685836791992,3.161400804395079,1,False
breast_cancer,8,7,107,1,1,0,31.02790641784668,4.116526750095526,0,True
breast_cancer,8,7,108,1,1,0,40.49605941772461,4.581486545283652,1,False
breast_cancer,8,7,109,1,1,0,19.587087631225586,2.6449330272077747,1,False
breast_cancer,8,7,110,1,1,0,2.995809555053711,2.342595861398272,1,False
breast_cancer,8,7,111,0,0,1,57.08172607421875,3.2306990771682416,0,False
breast_cancer,8,7,112,0,0,1,168.900634765625,7.815657996643026,0,False
breast_cancer,8,7,113,1,1,0,26.630661010742188,4.830507760703301,0,True
breast_cancer,8,10,0,1,1,0,11.91718578338623,2.9427082350231233,0,True
breast_cancer,8,10,1,1,1,0,9.159567832946777,2.7315819774964156,1,False
breast_cancer,8,10,2,0,0,1,187.45425415039062,8.563885126356992,0,False
breast_cancer,8,10,3,1,1,0,32.68559646606445,3.862853353254874,1,False
breast_cancer,8,10,4,1,1,0,45.89006423950195,3.843631494804385,1,False
breast_cancer,8,10,5,0,0,1,109.49934387207031,6.8753551822716465,0,False
breast_cancer,8,10,6,0,0,1,16.525318145751953,3.2803495240335487,1,True
breast_cancer,8,10,7,0,0,1,150.95755004882812,6.143737971212485,0,False
breast_cancer,8,10,8,0,0,1,125.84559631347656,5.744383038525137,0,False
breast_cancer,8,10,9,1,1,0,25.786134719848633,2.8115044952810737,0,True
breast_cancer,8,10,10,0,0,1,106.92194366455078,4.808139740281302,0,False
breast_cancer,8,10,11,1,1,0,26.276657104492188,2.3926905786599972,1,False
breast_cancer,8,10,12,1,1,0,45.80437088012695,4.391696874954341,1,False
breast_cancer,8,10,13,1,1,0,31.928714752197266,2.845775128849341,1,False
breast_cancer,8,10,14,1,1,0,45.436767578125,3.55576884559722,1,False
breast_cancer,8,10,15,0,0,1,137.0872802734375,9.28821037109588,0,False
breast_cancer,8,10,16,1,1,0,10.590587615966797,2.5787840915518836,0,True
breast_cancer,8,10,17,1,1,0,39.391822814941406,4.745174817815397,1,False
breast_cancer,8,10,18,0,0,1,8.56152057647705,2.9348531033329515,0,False
breast_cancer,8,10,20,1,1,0,31.162761688232422,3.002851812855449,1,False
breast_cancer,8,10,21,1,1,0,18.505794525146484,3.018618434560503,1,False
breast_cancer,8,10,22,1,1,0,35.44489669799805,3.288203936293951,1,False
breast_cancer,8,10,23,1,1,0,14.469110488891602,4.3305635873089106,1,False
breast_cancer,8,10,24,0,0,1,101.82239532470703,4.557815837846729,0,False
breast_cancer,8,10,25,0,0,1,57.68035888671875,4.996667403241177,0,False
breast_cancer,8,10,26,1,1,0,43.042137145996094,4.53773561201528,1,False
breast_cancer,8,10,27,1,1,0,41.4348258972168,3.603966838591422,1,False
breast_cancer,8,10,28,0,0,1,46.49112319946289,4.015762248992525,0,False
breast_cancer,8,10,29,1,1,0,9.421067237854004,3.0657975419478394,0,True
breast_cancer,8,10,30,0,0,1,81.48139953613281,4.931735529835304,0,False
breast_cancer,8,10,31,1,1,0,14.539209365844727,2.3637931366145524,1,False
breast_cancer,8,10,32,1,1,0,37.93830108642578,3.0887242412530522,1,False
breast_cancer,8,10,33,0,0,1,27.05585289001465,3.2510673357958173,0,False
breast_cancer,8,10,34,1,1,0,25.11054801940918,3.1991606212518855,1,False
breast_cancer,8,10,35,0,0,1,78.44722747802734,3.679597646447527,0,False
breast_cancer,8,10,36,0,0,1,51.77926254272461,3.7902161859072883,0,False
breast_cancer,8,10,39,0,0,1,45.975257873535156,4.564065432844878,1,True
breast_cancer,8,10,40,0,0,1,138.9835968017578,6.74993009234746,0,False
breast_cancer,8,10,41,1,1,0,35.454063415527344,4.174571402645985,1,False
breast_cancer,8,10,42,0,0,1,56.53072738647461,2.577726240144932,0,False
breast_cancer,8,10,43,1,1,0,18.7703914642334,3.177860500812377,1,False
breast_cancer,8,10,44,1,1,0,24.84998321533203,3.697882451788977,1,False
breast_cancer,8,10,45,1,1,0,40.17727279663086,4.666435020295124,1,False
breast_cancer,8,10,46,0,0,1,81.86915588378906,4.408980850773604,0,False
breast_cancer,8,10,47,0,0,1,52.2994270324707,3.3280082869942067,0,False
breast_cancer,8,10,48,1,1,0,23.272546768188477,2.905925711233439,1,False
breast_cancer,8,10,49,0,0,1,121.80656433105469,5.127231649069861,0,False
breast_cancer,8,10,50,1,1,0,27.68147850036621,3.2346013994671066,0,True
breast_cancer,8,10,51,1,1,0,36.488059997558594,3.798058302395044,1,False
breast_cancer,8,10,53,0,0,1,146.93600463867188,6.206962395853264,0,False
breast_cancer,8,10,54,0,0,1,13.348597526550293,2.505595349993834,0,False
breast_cancer,8,10,55,1,1,0,43.803466796875,5.045183751648351,1,False
breast_cancer,8,10,56,1,1,0,2.058438777923584,3.055375167962761,1,False
breast_cancer,8,10,57,0,0,1,112.10342407226562,5.010666893389165,0,False
breast_cancer,8,10,58,0,0,1,81.75888061523438,4.614153832455224,0,False
breast_cancer,8,10,59,1,1,0,0.8422858119010925,1.8360448411130363,1,False
breast_cancer,8,10,60,0,0,1,84.59699249267578,4.4016706393221305,0,False
breast_cancer,8,10,62,0,0,1,90.79750061035156,4.445600822417817,0,False
breast_cancer,8,10,63,1,1,0,47.012779235839844,6.710867922432072,0,True
breast_cancer,8,10,64,1,1,0,35.03142547607422,3.3890193719017923,1,False
breast_cancer,8,10,65,1,1,0,30.325206756591797,4.284324162303076,1,False
breast_cancer,8,10,66,1,1,0,27.77092933654785,3.567938718891077,0,True
breast_cancer,8,10,67,0,0,1,41.44643020629883,2.745701100447953,0,False
breast_cancer,8,10,69,0,0,1,77.60536193847656,4.671641759373634,0,False
breast_cancer,8,10,70,1,1,0,40.3786735534668,4.132254294250637,1,False
breast_cancer,8,10,71,1,1,0,21.93471908569336,3.8108122162189435,1,False
breast_cancer,8,10,72,1,1,0,10.915007591247559,3.854589535756433,0,True
breast_cancer,8,10,73,1,1,0,36.01757049560547,4.260949148815829,1,False
breast_cancer,8,10,74,1,1,0,38.14173889160156,4.04745204369742,1,False
breast_cancer,8,10,75,1,1,0,4.329543113708496,2.7986504706032553,1,False
breast_cancer,8,10,76,0,0,1,38.34995651245117,4.5538275170648355,0,False
breast_cancer,8,10,77,0,0,1,121.88613891601562,5.531780317830721,0,False
breast_cancer,8,10,78,1,1,0,31.710430145263672,3.492773482453438,1,False
breast_cancer,8,10,79,1,1,0,42.898223876953125,5.537736068378326,1,False
breast_cancer,8,10,80,1,1,0,37.01848220825195,4.770343936621256,0,True
breast_cancer,8,10,81,1,1,0,24.448978424072266,3.869178267487223,0,True
breast_cancer,8,10,82,1,1,0,12.116194725036621,3.687217816342618,0,True
breast_cancer,8,10,83,0,0,1,38.3988151550293,3.5425808095730744,1,True
breast_cancer,8,10,84,1,1,0,30.034440994262695,4.045680012560696,1,False
breast_cancer,8,10,85,0,0,1,71.77243041992188,5.673708218984812,0,False
breast_cancer,8,10,86,0,0,1,73.51505279541016,4.683116198347557,0,False
breast_cancer,8,10,87,0,0,1,135.480224609375,7.093271993505781,0,False
breast_cancer,8,10,88,1,1,0,15.326619148254395,4.029979410062811,0,True
breast_cancer,8,10,89,1,1,0,21.7615909576416,3.41760247454179,0,True
breast_cancer,8,10,90,0,0,1,120.31951141357422,5.608527560082036,0,False
breast_cancer,8,10,91,0,0,1,8.505057334899902,3.4624667293923643,1,True
breast_cancer,8,10,92,1,1,0,15.385971069335938,2.976126673172592,0,True
breast_cancer,8,10,93,0,0,1,39.732906341552734,3.445031171978194,0,False
breast_cancer,8,10,94,1,1,0,34.13064956665039,2.508534840861732,1,False
breast_cancer,8,10,96,1,1,0,6.037473201751709,3.106090450542042,1,False
breast_cancer,8,10,97,1,1,0,21.265151977539062,3.8632635788855487,1,False
breast_cancer,8,10,98,0,0,1,3.11562180519104,2.9595945021052343,1,True
breast_cancer,8,10,99,1,1,0,19.28129768371582,2.9960210716869624,1,False
breast_cancer,8,10,100,1,1,0,17.47580909729004,3.5466857870877417,0,True
breast_cancer,8,10,101,0,0,1,88.4773941040039,4.953012782105113,0,False
breast_cancer,8,10,102,1,1,0,13.131587028503418,3.393725684991882,0,True
breast_cancer,8,10,103,1,1,0,31.90066146850586,4.308814953780994,0,True
breast_cancer,8,10,104,1,1,0,25.66023826599121,4.122178506601243,0,True
breast_cancer,8,10,105,1,1,0,18.059463500976562,2.8106686849620752,0,True
breast_cancer,8,10,106,1,1,0,34.73685836791992,3.161400804395079,1,False
breast_cancer,8,10,107,1,1,0,31.02790641784668,4.116526750095526,0,True
breast_cancer,8,10,108,1,1,0,40.49605941772461,4.581486545283652,1,False
breast_cancer,8,10,109,1,1,0,19.587087631225586,2.6449330272077747,1,False
breast_cancer,8,10,110,1,1,0,2.995809555053711,2.342595861398272,1,False
breast_cancer,8,10,111,0,0,1,57.08172607421875,3.2306990771682416,0,False
breast_cancer,8,10,112,0,0,1,168.900634765625,7.815657996643026,0,False
breast_cancer,8,10,113,1,1,0,26.630661010742188,4.830507760703301,0,True
wine,8,2,0,0,0,1,20.502485275268555,4.9422413948049275,1,True
wine,8,2,1,1,1,0,23.675621032714844,3.24251999012131,1,False
wine,8,2,2,1,1,0,18.37945556640625,2.8082786737982945,1,False
wine,8,2,3,0,0,1,33.4853515625,3.904027333328476,1,True
wine,8,2,4,0,0,1,41.432594299316406,5.301483646027494,1,True
wine,8,2,5,1,1,0,18.58928871154785,2.2690049820375124,1,False
wine,8,2,6,1,1,0,28.456594467163086,4.257655590982548,1,False
wine,8,2,7,0,0,1,32.82875442504883,3.89670460304596,1,True
wine,8,2,8,0,0,1,25.881011962890625,3.9049140937114726,1,True
wine,8,2,9,0,0,1,16.95709228515625,3.3984199366699834,1,True
wine,8,2,10,1,1,0,20.410030364990234,2.808048494029331,1,False
wine,8,2,11,0,0,1,18.21002960205078,3.8721258212879235,1,True
wine,8,2,12,0,0,1,24.523113250732422,3.652726272797397,1,True
wine,8,2,13,0,0,1,20.546390533447266,2.8812294791644337,1,True
wine,8,2,14,0,0,1,30.04793930053711,5.746814978481527,1,True
wine,8,2,15,0,0,1,24.067243576049805,4.070793379254183,1,True
wine,8,2,16,1,1,0,20.45345687866211,2.94727151491374,1,False
wine,8,2,17,0,0,1,21.11527442932129,4.185824709380196,1,True
wine,8,2,18,0,0,1,56.19546890258789,5.091746189075552,1,True
wine,8,2,19,1,1,0,17.32291030883789,2.419660261395871,1,False
wine,8,2,20,0,0,1,24.036651611328125,4.988264810683639,1,True
wine,8,2,21,1,1,0,25.145355224609375,2.5866225140153385,1,False
wine,8,2,22,0,0,1,29.00326919555664,3.928310922581731,1,True
wine,8,2,23,0,0,1,11.982535362243652,3.7213706840797327,1,True
wine,8,2,24,0,0,1,24.30980110168457,5.161166536606713,1,True
wine,8,2,25,0,0,1,20.01316261291504,3.9887894372384096,1,True
wine,8,2,27,0,0,1,21.977153778076172,4.856200604746966,1,True
wine,8,2,28,0,0,1,40.231727600097656,4.097917182701612,1,True
wine,8,2,30,0,0,1,25.215478897094727,3.9089635925663138,1,True
wine,8,2,31,0,0,1,25.37459373474121,5.304642478136606,1,True
wine,8,2,32,0,0,1,18.841575622558594,4.633229905116387,1,True
wine,8,2,33,1,1,0,16.58573341369629,2.881859702765575,1,False
wine,8,2,35,0,0,1,10.778531074523926,3.8964222842336826,1,True
wine,8,3,0,0,0,1,20.502485275268555,4.9422413948049275,1,True
wine,8,3,1,1,1,0,23.675621032714844,3.8642706993155778,1,False
wine,8,3,2,1,1,0,18.37945556640625,2.8082786737982945,1,False
wine,8,3,3,0,0,1,33.4853515625,3.904027333328476,1,True
wine,8,3,4,0,0,1,41.432594299316406,5.301483646027494,1,True
wine,8,3,5,1,1,0,18.58928871154785,2.6547797424182993,1,False
wine,8,3,6,1,1,0,28.456594467163086,5.1837744358797915,1,False
wine,8,3,7,0,0,1,32.82875442504883,3.89670460304596,1,True
wine,8,3,8,0,0,1,25.881011962890625,3.873874675361285,1,True
wine,8,3,9,0,0,1,16.95709228515625,3.3984199366699834,1,True
wine,8,3,10,1,1,0,20.410030364990234,3.9344238442943884,1,False
wine,8,3,11,0,0,1,18.21002960205078,2.9950869703814575,1,True
wine,8,3,12,0,0,1,24.523113250732422,3.652726272797397,1,True
wine,8,3,13,0,0,1,20.546390533447266,2.8812294791644337,1,True
wine,8,3,14,0,0,1,30.04793930053711,5.548795033559914,1,True
wine,8,3,15,0,0,1,24.067243576049805,3.8625096326917085,1,True
wine,8,3,16,1,1,0,20.45345687866211,3.370646614858568,1,False
wine,8,3,17,0,0,1,21.11527442932129,3.286688603502325,1,True
wine,8,3,18,0,0,1,56.19546890258789,5.091746189075552,1,True
wine,8,3,19,1,1,0,17.32291030883789,3.082162514904684,1,False
wine,8,3,20,0,0,1,24.036651611328125,4.988264810683639,1,True
wine,8,3,21,1,1,0,25.145355224609375,3.5887064085923845,1,False
wine,8,3,22,0,0,1,29.00326919555664,3.2044362242366558,1,True
wine,8,3,23,0,0,1,11.982535362243652,2.891488678215596,1,True
wine,8,3,24,0,0,1,24.30980110168457,5.161166536606713,1,True
wine,8,3,25,0,0,1,20.01316261291504,3.9887894372384096,1,True
wine,8,3,27,0,0,1,21.977153778076172,4.856200604746966,1,True
wine,8,3,28,0,0,1,40.231727600097656,4.097917182701612,1,True
wine,8,3,30,0,0,1,25.215478897094727,3.9089635925663138,1,True
wine,8,3,31,0,0,1,25.37459373474121,5.304642478136606,1,True
wine,8,3,32,0,0,1,18.841575622558594,4.633229905116387,1,True
wine,8,3,33,1,1,0,16.58573341369629,3.325876257813778,1,False
wine,8,3,34,1,1,0,19.182464599609375,2.7902803940684926,1,False
wine,8,3,35,0,0,1,10.778531074523926,3.8964222842336826,1,True
wine,8,5,0,0,0,1,20.502485275268555,4.9422413948049275,1,True
wine,8,5,1,1,1,0,23.675621032714844,3.8642706993155778,1,False
wine,8,5,2,1,1,0,18.37945556640625,2.8082786737982945,1,False
wine,8,5,3,0,0,1,33.4853515625,3.904027333328476,1,True
wine,8,5,4,0,0,1,41.432594299316406,5.301483646027494,1,True
wine,8,5,5,1,1,0,18.58928871154785,2.6547797424182993,1,False
wine,8,5,6,1,1,0,28.456594467163086,5.1837744358797915,1,False
wine,8,5,7,0,0,1,32.82875442504883,3.89670460304596,1,True
wine,8,5,8,0,0,1,25.881011962890625,3.873874675361285,1,True
wine,8,5,9,0,0,1,16.95709228515625,3.3984199366699834,1,True
wine,8,5,10,1,1,0,20.410030364990234,3.9344238442943884,1,False
wine,8,5,11,0,0,1,18.21002960205078,2.9950869703814575,1,True
wine,8,5,12,0,0,1,24.523113250732422,3.652726272797397,1,True
wine,8,5,13,0,0,1,20.546390533447266,2.8812294791644337,1,True
wine,8,5,14,0,0,1,30.04793930053711,5.548795033559914,1,True
wine,8,5,15,0,0,1,24.067243576049805,3.8625096326917085,1,True
wine,8,5,16,1,1,0,20.45345687866211,3.370646614858568,1,False
wine,8,5,17,0,0,1,21.11527442932129,3.286688603502325,1,True
wine,8,5,18,0,0,1,56.19546890258789,5.091746189075552,1,True
wine,8,5,19,1,1,0,17.32291030883789,3.082162514904684,1,False
wine,8,5,20,0,0,1,24.036651611328125,4.988264810683639,1,True
wine,8,5,21,1,1,0,25.145355224609375,3.5887064085923845,1,False
wine,8,5,22,0,0,1,29.00326919555664,3.2044362242366558,1,True
wine,8,5,23,0,0,1,11.982535362243652,2.891488678215596,1,True
wine,8,5,24,0,0,1,24.30980110168457,5.161166536606713,1,True
wine,8,5,25,0,0,1,20.01316261291504,3.9887894372384096,1,True
wine,8,5,27,0,0,1,21.977153778076172,4.856200604746966,1,True
wine,8,5,28,0,0,1,40.231727600097656,4.097917182701612,1,True
wine,8,5,30,0,0,1,25.215478897094727,3.9089635925663138,1,True
wine,8,5,31,0,0,1,25.37459373474121,5.304642478136606,1,True
wine,8,5,32,0,0,1,18.841575622558594,4.633229905116387,1,True
wine,8,5,33,1,1,0,16.58573341369629,3.325876257813778,1,False
wine,8,5,34,1,1,0,19.182464599609375,2.7902803940684926,1,False
wine,8,5,35,0,0,1,10.778531074523926,3.8964222842336826,1,True
wine,8,7,0,0,0,1,20.502485275268555,4.9422413948049275,1,True
wine,8,7,1,1,1,0,23.675621032714844,3.8642706993155778,1,False
wine,8,7,2,1,1,0,18.37945556640625,2.8082786737982945,1,False
wine,8,7,3,0,0,1,33.4853515625,3.904027333328476,1,True
wine,8,7,4,0,0,1,41.432594299316406,5.301483646027494,1,True
wine,8,7,5,1,1,0,18.58928871154785,2.6547797424182993,1,False
wine,8,7,6,1,1,0,28.456594467163086,5.1837744358797915,1,False
wine,8,7,7,0,0,1,32.82875442504883,3.89670460304596,1,True
wine,8,7,8,0,0,1,25.881011962890625,3.873874675361285,1,True
wine,8,7,9,0,0,1,16.95709228515625,3.3984199366699834,1,True
wine,8,7,10,1,1,0,20.410030364990234,3.9344238442943884,1,False
wine,8,7,11,0,0,1,18.21002960205078,2.9950869703814575,1,True
wine,8,7,12,0,0,1,24.523113250732422,3.652726272797397,1,True
wine,8,7,13,0,0,1,20.546390533447266,2.8812294791644337,1,True
wine,8,7,14,0,0,1,30.04793930053711,5.548795033559914,1,True
wine,8,7,15,0,0,1,24.067243576049805,3.8625096326917085,1,True
wine,8,7,16,1,1,0,20.45345687866211,3.370646614858568,1,False
wine,8,7,17,0,0,1,21.11527442932129,3.286688603502325,1,True
wine,8,7,18,0,0,1,56.19546890258789,5.091746189075552,1,True
wine,8,7,19,1,1,0,17.32291030883789,3.082162514904684,1,False
wine,8,7,20,0,0,1,24.036651611328125,4.988264810683639,1,True
wine,8,7,21,1,1,0,25.145355224609375,3.5887064085923845,1,False
wine,8,7,22,0,0,1,29.00326919555664,3.2044362242366558,1,True
wine,8,7,23,0,0,1,11.982535362243652,2.891488678215596,1,True
wine,8,7,24,0,0,1,24.30980110168457,5.161166536606713,1,True
wine,8,7,25,0,0,1,20.01316261291504,3.9887894372384096,1,True
wine,8,7,27,0,0,1,21.977153778076172,4.856200604746966,1,True
wine,8,7,28,0,0,1,40.231727600097656,4.097917182701612,1,True
wine,8,7,30,0,0,1,25.215478897094727,3.9089635925663138,1,True
wine,8,7,31,0,0,1,25.37459373474121,5.304642478136606,1,True
wine,8,7,32,0,0,1,18.841575622558594,4.633229905116387,1,True
wine,8,7,33,1,1,0,16.58573341369629,3.325876257813778,1,False
wine,8,7,34,1,1,0,19.182464599609375,2.7902803940684926,1,False
wine,8,7,35,0,0,1,10.778531074523926,3.8964222842336826,1,True
wine,8,10,0,0,0,1,20.502485275268555,4.9422413948049275,1,True
wine,8,10,1,1,1,0,23.675621032714844,3.8642706993155778,1,False
wine,8,10,2,1,1,0,18.37945556640625,2.8082786737982945,1,False
wine,8,10,3,0,0,1,33.4853515625,3.904027333328476,1,True
wine,8,10,4,0,0,1,41.432594299316406,5.301483646027494,1,True
wine,8,10,5,1,1,0,18.58928871154785,2.6547797424182993,1,False
wine,8,10,6,1,1,0,28.456594467163086,5.1837744358797915,1,False
wine,8,10,7,0,0,1,32.82875442504883,3.89670460304596,1,True
wine,8,10,8,0,0,1,25.881011962890625,3.873874675361285,1,True
wine,8,10,9,0,0,1,16.95709228515625,3.3984199366699834,1,True
wine,8,10,10,1,1,0,20.410030364990234,3.9344238442943884,1,False
wine,8,10,11,0,0,1,18.21002960205078,2.9950869703814575,1,True
wine,8,10,12,0,0,1,24.523113250732422,3.652726272797397,1,True
wine,8,10,13,0,0,1,20.546390533447266,2.8812294791644337,1,True
wine,8,10,14,0,0,1,30.04793930053711,5.548795033559914,1,True
wine,8,10,15,0,0,1,24.067243576049805,3.8625096326917085,1,True
wine,8,10,16,1,1,0,20.45345687866211,3.370646614858568,1,False
wine,8,10,17,0,0,1,21.11527442932129,3.286688603502325,1,True
wine,8,10,18,0,0,1,56.19546890258789,5.091746189075552,1,True
wine,8,10,19,1,1,0,17.32291030883789,3.082162514904684,1,False
wine,8,10,20,0,0,1,24.036651611328125,4.988264810683639,1,True
wine,8,10,21,1,1,0,25.145355224609375,3.5887064085923845,1,False
wine,8,10,22,0,0,1,29.00326919555664,3.2044362242366558,1,True
wine,8,10,23,0,0,1,11.982535362243652,2.891488678215596,1,True
wine,8,10,24,0,0,1,24.30980110168457,5.161166536606713,1,True
wine,8,10,25,0,0,1,20.01316261291504,3.9887894372384096,1,True
wine,8,10,27,0,0,1,21.977153778076172,4.856200604746966,1,True
wine,8,10,28,0,0,1,40.231727600097656,4.097917182701612,1,True
wine,8,10,30,0,0,1,25.215478897094727,3.9089635925663138,1,True
wine,8,10,31,0,0,1,25.37459373474121,5.304642478136606,1,True
wine,8,10,32,0,0,1,18.841575622558594,4.633229905116387,1,True
wine,8,10,33,1,1,0,16.58573341369629,3.325876257813778,1,False
wine,8,10,34,1,1,0,19.182464599609375,2.7902803940684926,1,False
wine,8,10,35,0,0,1,10.778531074523926,3.8964222842336826,1,True
diabetes,8,2,0,1,1,0,3.854034185409546,1.2682392251124313,1,False
diabetes,8,2,3,0,0,1,39.27500534057617,3.589154894243795,0,False
diabetes,8,2,4,0,0,1,47.62545394897461,3.3178694606999857,1,True
diabetes,8,2,5,1,1,0,20.03825569152832,2.6180692888483823,0,True
diabetes,8,2,6,1,1,0,9.69159984588623,2.1166011095549506,1,False
diabetes,8,2,8,1,1,0,13.417559623718262,1.5892356264549787,0,True
diabetes,8,2,13,1,1,0,21.02742576599121,1.7646463637327676,0,True
diabetes,8,2,14,1,1,0,25.01255226135254,2.714124218027338,1,False
diabetes,8,2,15,0,0,1,93.53565216064453,2.9020652857448694,0,False
diabetes,8,2,16,0,0,1,13.485401153564453,2.604126651645442,1,True
diabetes,8,2,19,1,1,0,6.435351371765137,1.8724592342595976,0,True
diabetes,8,2,22,0,0,1,26.385583877563477,2.04286094025858,1,True
diabetes,8,2,23,0,0,1,30.22359275817871,3.475602301436728,0,False
diabetes,8,2,24,0,0,1,107.0077133178711,3.9489673703436052,1,True
diabetes,8,2,25,1,1,0,14.918371200561523,2.8143337800731856,0,True
diabetes,8,2,26,1,1,0,23.22817039489746,2.8803016437751516,0,True
diabetes,8,2,27,1,1,0,58.12810516357422,4.580212060133566,0,True
diabetes,8,2,28,1,1,0,44.44405746459961,3.6908860695662478,0,True
diabetes,8,2,29,1,1,0,45.838558197021484,3.8700342477063274,0,True
diabetes,8,2,30,1,1,0,1.1355055570602417,2.113094615145706,0,True
diabetes,8,2,31,1,1,0,25.049776077270508,2.3763657994552756,1,False
diabetes,8,2,32,0,0,1,5.779307842254639,1.3884768660667046,1,True
diabetes,8,2,33,0,0,1,18.366191864013672,1.904038819313897,0,False
diabetes,8,2,34,0,0,1,61.899810791015625,2.571539676063547,0,False
diabetes,8,2,35,1,1,0,34.315162658691406,4.460398114704505,0,True
diabetes,8,2,36,1,1,0,24.250213623046875,3.1240877157802585,0,True
diabetes,8,2,39,1,1,0,52.60822677612305,3.8342071500120265,0,True
diabetes,8,2,40,1,1,0,27.58042335510254,3.497661881065189,0,True
diabetes,8,2,41,0,0,1,64.93212127685547,3.8171249492468404,0,False
diabetes,8,2,42,1,1,0,20.46651840209961,3.1444755931391257,1,False
diabetes,8,2,43,0,0,1,67.85785675048828,2.470375604512845,0,False
diabetes,8,2,44,0,0,1,16.14371681213379,2.974207613323583,1,True
diabetes,8,2,45,0,0,1,26.602251052856445,2.129597107188366,0,False
diabetes,8,2,46,0,0,1,12.441296577453613,2.800601744328086,1,True
diabetes,8,2,47,1,1,0,31.148265838623047,2.220789291779087,0,True
diabetes,8,2,48,1,1,0,11.34652042388916,2.2647844750315724,0,True
diabetes,8,2,49,1,1,0,29.719194412231445,3.218691521043125,0,True
diabetes,8,2,50,1,1,0,30.26298713684082,2.303151844351211,0,True
diabetes,8,2,51,0,0,1,20.60025978088379,3.4953340370040373,1,True
diabetes,8,2,53,0,0,1,15.259601593017578,2.280799791766239,1,True
diabetes,8,2,54,0,0,1,8.203219413757324,1.6552899692781187,0,False
diabetes,8,2,56,1,1,0,18.134687423706055,2.941168314684366,0,True
diabetes,8,2,57,0,0,1,37.13951110839844,2.570532942823002,0,False
diabetes,8,2,58,0,0,1,14.657512664794922,2.6958066140864894,1,True
diabetes,8,2,59,1,1,0,31.808408737182617,2.598608108889312,1,False
diabetes,8,2,60,0,0,1,64.9870376586914,3.3201199607587184,0,False
diabetes,8,2,62,1,1,0,54.48683547973633,3.979020905886612,1,False
diabetes,8,2,63,1,1,0,11.951543807983398,5.226398289260516,0,True
diabetes,8,2,64,1,1,0,18.020471572875977,3.4915766098399548,0,True
diabetes,8,2,65,0,0,1,60.48986053466797,2.6290244032718717,0,False
diabetes,8,2,66,1,1,0,22.05238151550293,3.0152135793890458,0,True
diabetes,8,2,67,1,1,0,6.111327648162842,1.0537166809791254,0,True
diabetes,8,2,69,0,0,1,1.7283869981765747,3.2975579615083404,1,True
diabetes,8,2,70,1,1,0,15.836197853088379,2.2073431503821084,1,False
diabetes,8,2,71,1,1,0,25.767900466918945,1.6445241596002844,1,False
diabetes,8,2,73,0,0,1,22.704256057739258,2.534817341658899,1,True
diabetes,8,2,75,1,1,0,23.193296432495117,2.491771459637411,0,True
diabetes,8,2,77,1,1,0,21.394689559936523,2.6861097787012,0,True
diabetes,8,2,78,1,1,0,16.16880989074707,1.8411679253593982,0,True
diabetes,8,2,79,0,0,1,0.5478583574295044,1.5548178939744413,0,False
diabetes,8,2,80,1,1,0,21.301862716674805,1.9112641712500302,1,False
diabetes,8,2,81,0,0,1,5.354862213134766,1.6422733566428278,1,True
diabetes,8,2,82,0,0,1,5.584517478942871,2.2060850158871266,1,True
diabetes,8,2,85,1,1,0,13.805534362792969,2.677217937673039,0,True
diabetes,8,2,86,0,0,1,47.98014450073242,2.4252512197671634,0,False
diabetes,8,2,87,1,1,0,13.907769203186035,1.8305269697161732,0,True
diabetes,8,3,0,1,1,0,3.854034185409546,1.2682392251124313,1,False
diabetes,8,3,3,0,0,1,39.27500534057617,3.589154894243795,0,False
diabetes,8,3,4,0,0,1,47.62545394897461,3.3178694606999857,1,True
diabetes,8,3,5,1,1,0,20.03825569152832,2.6180692888483823,0,True
diabetes,8,3,6,1,1,0,9.69159984588623,2.1166011095549506,1,False
diabetes,8,3,8,1,1,0,13.417559623718262,1.5892356264549787,0,True
diabetes,8,3,13,1,1,0,21.02742576599121,1.7646463637327676,0,True
diabetes,8,3,14,1,1,0,25.01255226135254,2.714124218027338,1,False
diabetes,8,3,15,0,0,1,93.53565216064453,2.9020652857448694,0,False
diabetes,8,3,16,0,0,1,13.485401153564453,2.9051105867374507,1,True
diabetes,8,3,19,1,1,0,6.435351371765137,1.8724592342595976,0,True
diabetes,8,3,22,0,0,1,26.385583877563477,2.04286094025858,1,True
diabetes,8,3,23,0,0,1,30.22359275817871,3.475602301436728,0,False
diabetes,8,3,24,0,0,1,107.0077133178711,3.9489673703436052,1,True
diabetes,8,3,25,1,1,0,14.918371200561523,2.8143337800731856,0,True
diabetes,8,3,26,1,1,0,23.22817039489746,2.7513555816082675,1,False
diabetes,8,3,27,1,1,0,58.12810516357422,2.7617865401473294,1,False
diabetes,8,3,28,1,1,0,44.44405746459961,3.3746954987388103,0,True
diabetes,8,3,29,1,1,0,45.838558197021484,3.0059497124553047,1,False
diabetes,8,3,30,1,1,0,1.1355055570602417,2.113094615145706,0,True
diabetes,8,3,31,1,1,0,25.049776077270508,2.3763657994552756,1,False
diabetes,8,3,32,0,0,1,5.779307842254639,1.3884768660667046,1,True
diabetes,8,3,33,0,0,1,18.366191864013672,2.2544418014257106,0,False
diabetes,8,3,34,0,0,1,61.899810791015625,2.571539676063547,0,False
diabetes,8,3,36,1,1,0,24.250213623046875,3.1240877157802585,0,True
diabetes,8,3,37,0,0,1,10.01361083984375,3.4946423565101674,1,True
diabetes,8,3,39,1,1,0,52.60822677612305,3.8342071500120265,0,True
diabetes,8,3,40,1,1,0,27.58042335510254,2.620727201724263,0,True
diabetes,8,3,41,0,0,1,64.93212127685547,3.8171249492468404,0,False
diabetes,8,3,43,0,0,1,67.85785675048828,2.470375604512845,0,False
diabetes,8,3,44,0,0,1,16.14371681213379,3.3127560767562225,1,True
diabetes,8,3,45,0,0,1,26.602251052856445,2.129597107188366,0,False
diabetes,8,3,46,0,0,1,12.441296577453613,2.800601744328086,1,True
diabetes,8,3,47,1,1,0,31.148265838623047,2.220789291779087,0,True
diabetes,8,3,48,1,1,0,11.34652042388916,2.2647844750315724,0,True
diabetes,8,3,49,1,1,0,29.719194412231445,3.218691521043125,0,True
diabetes,8,3,50,1,1,0,30.26298713684082,2.303151844351211,0,True
diabetes,8,3,51,0,0,1,20.60025978088379,3.789612385492622,1,True
diabetes,8,3,53,0,0,1,15.259601593017578,2.280799791766239,1,True
diabetes,8,3,54,0,0,1,8.203219413757324,1.6552899692781187,0,False
diabetes,8,3,56,1,1,0,18.134687423706055,2.941168314684366,0,True
diabetes,8,3,57,0,0,1,37.13951110839844,2.570532942823002,0,False
diabetes,8,3,58,0,0,1,14.657512664794922,2.9016473192527448,1,True
diabetes,8,3,59,1,1,0,31.808408737182617,2.598608108889312,1,False
diabetes,8,3,60,0,0,1,64.9870376586914,3.3201199607587184,0,False
diabetes,8,3,61,0,0,1,8.932289123535156,1.9642694745469418,0,False
diabetes,8,3,62,1,1,0,54.48683547973633,3.979020905886612,1,False
diabetes,8,3,63,1,1,0,11.951543807983398,3.2983164932703692,1,False
diabetes,8,3,64,1,1,0,18.020471572875977,3.4915766098399548,0,True
diabetes,8,3,65,0,0,1,60.48986053466797,2.6290244032718717,0,False
diabetes,8,3,66,1,1,0,22.05238151550293,2.6089104693901994,1,False
diabetes,8,3,67,1,1,0,6.111327648162842,1.0537166809791254,0,True
diabetes,8,3,69,0,0,1,1.7283869981765747,3.2975579615083404,1,True
diabetes,8,3,70,1,1,0,15.836197853088379,2.07734852814969,0,True
diabetes,8,3,73,0,0,1,22.704256057739258,2.534817341658899,1,True
diabetes,8,3,74,0,0,1,10.36253547668457,1.4817820911607829,0,False
diabetes,8,3,75,1,1,0,23.193296432495117,2.491771459637411,0,True
diabetes,8,3,76,0,0,1,31.436811447143555,3.833946630170197,1,True
diabetes,8,3,77,1,1,0,21.394689559936523,2.5435098928501025,1,False
diabetes,8,3,78,1,1,0,16.16880989074707,1.8411679253593982,0,True
diabetes,8,3,79,0,0,1,0.5478583574295044,1.5548178939744413,0,False
diabetes,8,3,80,1,1,0,21.301862716674805,1.9112641712500302,1,False
diabetes,8,3,81,0,0,1,5.354862213134766,1.6422733566428278,1,True
diabetes,8,3,82,0,0,1,5.584517478942871,2.2060850158871266,1,True
diabetes,8,3,85,1,1,0,13.805534362792969,2.677217937673039,0,True
diabetes,8,3,86,0,0,1,47.98014450073242,2.4252512197671634,0,False
diabetes,8,3,87,1,1,0,13.907769203186035,1.8305269697161732,0,True
diabetes,8,5,0,1,1,0,3.854034185409546,1.2682392251124313,1,False
diabetes,8,5,3,0,0,1,39.27500534057617,2.833064554242943,0,False
diabetes,8,5,4,0,0,1,47.62545394897461,2.5700714146073063,1,True
diabetes,8,5,5,1,1,0,20.03825569152832,2.6180692888483823,0,True
diabetes,8,5,6,1,1,0,9.69159984588623,2.016656639353984,1,False
diabetes,8,5,8,1,1,0,13.417559623718262,1.5892356264549787,0,True
diabetes,8,5,13,1,1,0,21.02742576599121,1.7646463637327676,0,True
diabetes,8,5,14,1,1,0,25.01255226135254,2.714124218027338,1,False
diabetes,8,5,15,0,0,1,93.53565216064453,2.5123484141564068,0,False
diabetes,8,5,16,0,0,1,13.485401153564453,2.5748118709398704,1,True
diabetes,8,5,19,1,1,0,6.435351371765137,1.8724592342595976,0,True
diabetes,8,5,22,0,0,1,26.385583877563477,2.04286094025858,1,True
diabetes,8,5,23,0,0,1,30.22359275817871,2.4065703485424343,1,True
diabetes,8,5,24,0,0,1,107.0077133178711,2.2876872559773536,0,False
diabetes,8,5,25,1,1,0,14.918371200561523,2.8143337800731856,0,True
diabetes,8,5,26,1,1,0,23.22817039489746,2.7513555816082675,1,False
diabetes,8,5,27,1,1,0,58.12810516357422,3.505385170020119,1,False
diabetes,8,5,28,1,1,0,44.44405746459961,3.3746954987388103,0,True
diabetes,8,5,29,1,1,0,45.838558197021484,3.8700342477063274,0,True
diabetes,8,5,30,1,1,0,1.1355055570602417,2.113094615145706,0,True
diabetes,8,5,31,1,1,0,25.049776077270508,2.3763657994552756,1,False
diabetes,8,5,32,0,0,1,5.779307842254639,2.078293534295441,0,False
diabetes,8,5,33,0,0,1,18.366191864013672,1.7859394239621094,0,False
diabetes,8,5,34,0,0,1,61.899810791015625,2.571539676063547,0,False
diabetes,8,5,35,1,1,0,34.315162658691406,3.3996079535197254,0,True
diabetes,8,5,36,1,1,0,24.250213623046875,3.1240877157802585,0,True
diabetes,8,5,37,0,0,1,10.01361083984375,2.3915748377280357,0,False
diabetes,8,5,39,1,1,0,52.60822677612305,3.8342071500120265,0,True
diabetes,8,5,41,0,0,1,64.93212127685547,3.077858678027587,1,True
diabetes,8,5,42,1,1,0,20.46651840209961,2.4298811158795046,1,False
diabetes,8,5,43,0,0,1,67.85785675048828,2.470375604512845,0,False
diabetes,8,5,44,0,0,1,16.14371681213379,1.8405280727388407,1,True
diabetes,8,5,45,0,0,1,26.602251052856445,2.129597107188366,0,False
diabetes,8,5,46,0,0,1,12.441296577453613,2.9026839031381204,0,False
diabetes,8,5,47,1,1,0,31.148265838623047,2.220789291779087,0,True
diabetes,8,5,48,1,1,0,11.34652042388916,2.2647844750315724,0,True
diabetes,8,5,49,1,1,0,29.719194412231445,3.218691521043125,0,True
diabetes,8,5,50,1,1,0,30.26298713684082,2.303151844351211,0,True
diabetes,8,5,51,0,0,1,20.60025978088379,2.1291645094300917,1,True
diabetes,8,5,53,0,0,1,15.259601593017578,2.280799791766239,1,True
diabetes,8,5,56,1,1,0,18.134687423706055,2.941168314684366,0,True
diabetes,8,5,57,0,0,1,37.13951110839844,2.570532942823002,0,False
diabetes,8,5,58,0,0,1,14.657512664794922,1.622213018519628,1,True
diabetes,8,5,59,1,1,0,31.808408737182617,2.598608108889312,1,False
diabetes,8,5,60,0,0,1,64.9870376586914,2.352222508023917,0,False
diabetes,8,5,62,1,1,0,54.48683547973633,3.979020905886612,1,False
diabetes,8,5,63,1,1,0,11.951543807983398,4.590692052394685,1,False
diabetes,8,5,64,1,1,0,18.020471572875977,2.7694268874450154,1,False
diabetes,8,5,65,0,0,1,60.48986053466797,1.7364226513957275,0,False
diabetes,8,5,66,1,1,0,22.05238151550293,3.0152135793890458,0,True
diabetes,8,5,67,1,1,0,6.111327648162842,1.0537166809791254,0,True
diabetes,8,5,69,0,0,1,1.7283869981765747,3.0689233248519323,0,False
diabetes,8,5,73,0,0,1,22.704256057739258,2.5573064037155775,1,True
diabetes,8,5,74,0,0,1,10.36253547668457,1.4817820911607829,0,False
diabetes,8,5,75,1,1,0,23.193296432495117,2.491771459637411,0,True
diabetes,8,5,76,0,0,1,31.436811447143555,3.482397067319678,0,False
diabetes,8,5,77,1,1,0,21.394689559936523,2.5435098928501025,1,False
diabetes,8,5,78,1,1,0,16.16880989074707,1.8411679253593982,0,True
diabetes,8,5,79,0,0,1,0.5478583574295044,1.5548178939744413,0,False
diabetes,8,5,81,0,0,1,5.354862213134766,1.6422733566428278,1,True
diabetes,8,5,82,0,0,1,5.584517478942871,2.2060850158871266,1,True
diabetes,8,5,85,1,1,0,13.805534362792969,1.9552422142244654,1,False
diabetes,8,5,86,0,0,1,47.98014450073242,2.300801625480076,0,False
diabetes,8,5,87,1,1,0,13.907769203186035,1.8305269697161732,0,True
diabetes,8,7,0,1,1,0,3.854034185409546,1.2682392251124313,1,False
diabetes,8,7,3,0,0,1,39.27500534057617,2.833064554242943,0,False
diabetes,8,7,4,0,0,1,47.62545394897461,2.0185536484149287,0,False
diabetes,8,7,5,1,1,0,20.03825569152832,2.6180692888483823,0,True
diabetes,8,7,6,1,1,0,9.69159984588623,2.016656639353984,1,False
diabetes,8,7,8,1,1,0,13.417559623718262,1.5892356264549787,0,True
diabetes,8,7,13,1,1,0,21.02742576599121,1.7646463637327676,0,True
diabetes,8,7,14,1,1,0,25.01255226135254,2.714124218027338,1,False
diabetes,8,7,15,0,0,1,93.53565216064453,2.5123484141564068,0,False
diabetes,8,7,16,0,0,1,13.485401153564453,1.9787530198176335,1,True
diabetes,8,7,17,0,0,1,2.2459511756896973,1.5716333165690852,1,True
diabetes,8,7,19,1,1,0,6.435351371765137,1.8724592342595976,0,True
diabetes,8,7,21,1,1,0,2.500459909439087,1.6154330378652932,0,True
diabetes,8,7,22,0,0,1,26.385583877563477,2.04286094025858,1,True
diabetes,8,7,23,0,0,1,30.22359275817871,2.4065703485424343,1,True
diabetes,8,7,24,0,0,1,107.0077133178711,2.2876872559773536,0,False
diabetes,8,7,25,1,1,0,14.918371200561523,2.4963755932635916,0,True
diabetes,8,7,26,1,1,0,23.22817039489746,2.8803016437751516,0,True
diabetes,8,7,27,1,1,0,58.12810516357422,4.05916071535818,0,True
diabetes,8,7,28,1,1,0,44.44405746459961,3.3746954987388103,0,True
diabetes,8,7,29,1,1,0,45.838558197021484,3.8700342477063274,0,True
diabetes,8,7,30,1,1,0,1.1355055570602417,2.113094615145706,0,True
diabetes,8,7,31,1,1,0,25.049776077270508,2.3763657994552756,1,False
diabetes,8,7,32,0,0,1,5.779307842254639,2.078293534295441,0,False
diabetes,8,7,33,0,0,1,18.366191864013672,1.7859394239621094,0,False
diabetes,8,7,34,0,0,1,61.899810791015625,2.571539676063547,0,False
diabetes,8,7,35,1,1,0,34.315162658691406,2.4253585876733683,0,True
diabetes,8,7,36,1,1,0,24.250213623046875,3.1240877157802585,0,True
diabetes,8,7,37,0,0,1,10.01361083984375,2.780576737163252,1,True
diabetes,8,7,39,1,1,0,52.60822677612305,3.5209560234155273,0,True
diabetes,8,7,41,0,0,1,64.93212127685547,3.077858678027587,1,True
diabetes,8,7,42,1,1,0,20.46651840209961,1.927132603224063,0,True
diabetes,8,7,43,0,0,1,67.85785675048828,2.751564901332296,1,True
diabetes,8,7,44,0,0,1,16.14371681213379,1.8405280727388407,1,True
diabetes,8,7,45,0,0,1,26.602251052856445,2.129597107188366,0,False
diabetes,8,7,46,0,0,1,12.441296577453613,2.5610015561334585,1,True
diabetes,8,7,47,1,1,0,31.148265838623047,2.220789291779087,0,True
diabetes,8,7,48,1,1,0,11.34652042388916,2.2647844750315724,0,True
diabetes,8,7,49,1,1,0,29.719194412231445,3.218691521043125,0,True
diabetes,8,7,50,1,1,0,30.26298713684082,2.303151844351211,0,True
diabetes,8,7,51,0,0,1,20.60025978088379,2.1291645094300917,1,True
diabetes,8,7,53,0,0,1,15.259601593017578,2.280799791766239,1,True
diabetes,8,7,56,1,1,0,18.134687423706055,2.941168314684366,0,True
diabetes,8,7,57,0,0,1,37.13951110839844,2.570532942823002,0,False
diabetes,8,7,58,0,0,1,14.657512664794922,1.622213018519628,1,True
diabetes,8,7,59,1,1,0,31.808408737182617,2.598608108889312,1,False
diabetes,8,7,60,0,0,1,64.9870376586914,2.352222508023917,0,False
diabetes,8,7,63,1,1,0,11.951543807983398,3.926106473483229,0,True
diabetes,8,7,65,0,0,1,60.48986053466797,1.7364226513957275,0,False
diabetes,8,7,66,1,1,0,22.05238151550293,3.0152135793890458,0,True
diabetes,8,7,67,1,1,0,6.111327648162842,1.0537166809791254,0,True
diabetes,8,7,69,0,0,1,1.7283869981765747,3.0689233248519323,0,False
diabetes,8,7,70,1,1,0,15.836197853088379,2.07734852814969,0,True
diabetes,8,7,73,0,0,1,22.704256057739258,2.357130423080765,1,True
diabetes,8,7,74,0,0,1,10.36253547668457,1.4817820911607829,0,False
diabetes,8,7,75,1,1,0,23.193296432495117,2.491771459637411,0,True
diabetes,8,7,76,0,0,1,31.436811447143555,3.482397067319678,0,False
diabetes,8,7,78,1,1,0,16.16880989074707,1.8411679253593982,0,True
diabetes,8,7,79,0,0,1,0.5478583574295044,1.5548178939744413,0,False
diabetes,8,7,80,1,1,0,21.301862716674805,1.4246506656743876,1,False
diabetes,8,7,82,0,0,1,5.584517478942871,2.2060850158871266,1,True
diabetes,8,7,85,1,1,0,13.805534362792969,1.9552422142244654,1,False
diabetes,8,7,86,0,0,1,47.98014450073242,2.300801625480076,0,False
diabetes,8,7,87,1,1,0,13.907769203186035,1.8305269697161732,0,True
diabetes,8,10,0,1,1,0,3.854034185409546,1.9700791362154868,0,True
diabetes,8,10,1,1,1,0,3.3443729877471924,1.8856441445258811,0,True
diabetes,8,10,3,0,0,1,39.27500534057617,2.833064554242943,0,False
diabetes,8,10,4,0,0,1,47.62545394897461,2.0185536484149287,0,False
diabetes,8,10,5,1,1,0,20.03825569152832,3.198966114869897,0,True
diabetes,8,10,6,1,1,0,9.69159984588623,2.016656639353984,1,False
diabetes,8,10,9,1,1,0,7.401811599731445,1.8962070816589878,1,False
diabetes,8,10,13,1,1,0,21.02742576599121,1.7646463637327676,0,True
diabetes,8,10,14,1,1,0,25.01255226135254,2.714124218027338,1,False
diabetes,8,10,15,0,0,1,93.53565216064453,2.5123484141564068,0,False
diabetes,8,10,16,0,0,1,13.485401153564453,1.9787530198176335,1,True
diabetes,8,10,17,0,0,1,2.2459511756896973,1.5716333165690852,1,True
diabetes,8,10,19,1,1,0,6.435351371765137,2.239430321334556,0,True
diabetes,8,10,21,1,1,0,2.500459909439087,2.2659577921337,0,True
diabetes,8,10,22,0,0,1,26.385583877563477,2.04286094025858,1,True
diabetes,8,10,23,0,0,1,30.22359275817871,2.4065703485424343,1,True
diabetes,8,10,24,0,0,1,107.0077133178711,2.2876872559773536,0,False
diabetes,8,10,25,1,1,0,14.918371200561523,2.4963755932635916,0,True
diabetes,8,10,26,1,1,0,23.22817039489746,2.7513555816082675,1,False
diabetes,8,10,27,1,1,0,58.12810516357422,3.505385170020119,1,False
diabetes,8,10,28,1,1,0,44.44405746459961,2.197265814948882,1,False
diabetes,8,10,29,1,1,0,45.838558197021484,3.8700342477063274,0,True
diabetes,8,10,30,1,1,0,1.1355055570602417,2.113094615145706,0,True
diabetes,8,10,31,1,1,0,25.049776077270508,2.3763657994552756,1,False
diabetes,8,10,32,0,0,1,5.779307842254639,2.078293534295441,0,False
diabetes,8,10,33,0,0,1,18.366191864013672,1.7859394239621094,0,False
diabetes,8,10,34,0,0,1,61.899810791015625,2.571539676063547,0,False
diabetes,8,10,35,1,1,0,34.315162658691406,2.4253585876733683,0,True
diabetes,8,10,36,1,1,0,24.250213623046875,3.0554818935297505,1,False
diabetes,8,10,37,0,0,1,10.01361083984375,1.5966200363719787,0,False
diabetes,8,10,39,1,1,0,52.60822677612305,3.537776294193917,0,True
diabetes,8,10,41,0,0,1,64.93212127685547,2.929806432323427,1,True
diabetes,8,10,42,1,1,0,20.46651840209961,2.685514059972867,1,False
diabetes,8,10,43,0,0,1,67.85785675048828,3.029173269351132,0,False
diabetes,8,10,44,0,0,1,16.14371681213379,1.8405280727388407,1,True
diabetes,8,10,45,0,0,1,26.602251052856445,2.129597107188366,0,False
diabetes,8,10,46,0,0,1,12.441296577453613,2.335046241768328,1,True
diabetes,8,10,47,1,1,0,31.148265838623047,1.9388742256835605,1,False
diabetes,8,10,48,1,1,0,11.34652042388916,2.2647844750315724,0,True
diabetes,8,10,50,1,1,0,30.26298713684082,2.303151844351211,0,True
diabetes,8,10,51,0,0,1,20.60025978088379,2.1291645094300917,1,True
diabetes,8,10,53,0,0,1,15.259601593017578,2.280799791766239,1,True
diabetes,8,10,56,1,1,0,18.134687423706055,2.565072193312909,1,False
diabetes,8,10,57,0,0,1,37.13951110839844,2.570532942823002,0,False
diabetes,8,10,58,0,0,1,14.657512664794922,1.622213018519628,1,True
diabetes,8,10,59,1,1,0,31.808408737182617,2.598608108889312,1,False
diabetes,8,10,60,0,0,1,64.9870376586914,2.352222508023917,0,False
diabetes,8,10,65,0,0,1,60.48986053466797,1.7364226513957275,0,False
diabetes,8,10,66,1,1,0,22.05238151550293,3.0152135793890458,0,True
diabetes,8,10,67,1,1,0,6.111327648162842,1.0537166809791254,0,True
diabetes,8,10,69,0,0,1,1.7283869981765747,2.2720137115065935,0,False
diabetes,8,10,70,1,1,0,15.836197853088379,2.07734852814969,0,True
diabetes,8,10,73,0,0,1,22.704256057739258,2.357130423080765,1,True
diabetes,8,10,74,0,0,1,10.36253547668457,1.4817820911607829,0,False
diabetes,8,10,75,1,1,0,23.193296432495117,2.491771459637411,0,True
diabetes,8,10,76,0,0,1,31.436811447143555,3.221575476937596,0,False
diabetes,8,10,77,1,1,0,21.394689559936523,2.7840759210223958,0,True
diabetes,8,10,78,1,1,0,16.16880989074707,2.3096390312837647,0,True
diabetes,8,10,79,0,0,1,0.5478583574295044,1.5548178939744413,0,False
diabetes,8,10,80,1,1,0,21.301862716674805,1.4246506656743876,1,False
diabetes,8,10,85,1,1,0,13.805534362792969,1.9552422142244654,1,False
diabetes,8,10,86,0,0,1,47.98014450073242,2.300801625480076,0,False
diabetes,8,10,87,1,1,0,13.907769203186035,1.8305269697161732,0,True
