dataset,seed,depth,teacher_accuracy,n_train,n_candidate,n_test,global_fidelity,boundary_fraction,boundary_fidelity,aurc,eligible_start_points,excluded_initial_disagreement,no_counterfactual_candidate,total_recourse_attempts,transfers,failures,recourse_transfer_rate,mean_recourse_distance,median_recourse_distance
breast_cancer,8,2,0.956140350877193,341,114,114,0.9122807017543859,0.25,0.7586206896551724,0.03592789496514985,104,10,0,104,44,60,0.4230769230769231,4.434381773214673,4.29429440266895
breast_cancer,8,3,0.956140350877193,341,114,114,0.9122807017543859,0.25,0.7586206896551724,0.044878112412996156,104,10,0,104,32,72,0.3076923076923077,4.181471302634893,3.9088981917398704
breast_cancer,8,5,0.956140350877193,341,114,114,0.9298245614035088,0.25,0.7931034482758621,0.03043446749266651,106,8,0,106,31,75,0.29245283018867924,4.353137081105905,4.2125296121020925
breast_cancer,8,7,0.956140350877193,341,114,114,0.9385964912280702,0.25,0.8620689655172413,0.03129778522100874,107,7,0,107,26,81,0.24299065420560748,4.0708732804271355,3.843631494804385
breast_cancer,8,10,0.956140350877193,341,114,114,0.9385964912280702,0.25,0.8620689655172413,0.03129778522100874,107,7,0,107,26,81,0.24299065420560748,4.0708732804271355,3.843631494804385
wine,8,2,1.0,106,36,36,0.9166666666666666,0.25,0.7777777777777778,0.01552109235521315,33,3,0,33,24,9,0.7272727272727273,3.925916727266086,3.9049140937114726
wine,8,3,1.0,106,36,36,0.9444444444444444,0.25,0.7777777777777778,0.004834644295428611,34,2,0,34,24,10,0.7058823529411765,3.9461839732599344,3.8851484797974836
wine,8,5,1.0,106,36,36,0.9444444444444444,0.25,0.7777777777777778,0.004834644295428611,34,2,0,34,24,10,0.7058823529411765,3.9461839732599344,3.8851484797974836
wine,8,7,1.0,106,36,36,0.9444444444444444,0.25,0.7777777777777778,0.004834644295428611,34,2,0,34,24,10,0.7058823529411765,3.9461839732599344,3.8851484797974836
wine,8,10,1.0,106,36,36,0.9444444444444444,0.25,0.7777777777777778,0.004834644295428611,34,2,0,34,24,10,0.7058823529411765,3.9461839732599344,3.8851484797974836
diabetes,8,2,0.6590909090909091,265,89,88,0.75,0.25,0.4090909090909091,0.07582862458710997,66,22,0,66,42,24,0.6363636363636364,2.6996484651946173,2.611097970246912
diabetes,8,3,0.6590909090909091,265,89,88,0.7613636363636364,0.25,0.4090909090909091,0.0875670641783268,67,21,0,67,38,29,0.5671641791044776,2.6056796274691822,2.598608108889312
diabetes,8,5,0.6590909090909091,265,89,88,0.7272727272727273,0.25,0.4090909090909091,0.09913765729644307,64,24,0,64,33,31,0.515625,2.476804831011879,2.4182257322109697
diabetes,8,7,0.6590909090909091,265,89,88,0.7272727272727273,0.25,0.45454545454545453,0.12649946606655538,64,24,0,64,41,23,0.640625,2.3618910746590673,2.294244440728715
diabetes,8,10,0.6590909090909091,265,89,88,0.7159090909090909,0.25,0.5,0.13966802470733183,63,25,0,63,31,32,0.49206349206349204,2.3080299571882077,2.280799791766239
