dataset,depth,boundary_fraction,teacher_accuracy_mean,teacher_accuracy_std,global_fidelity_mean,global_fidelity_std,boundary_fidelity_mean,boundary_fidelity_std,aurc_mean,aurc_std,eligible_start_points_mean,eligible_start_points_std,excluded_initial_disagreement_mean,excluded_initial_disagreement_std,no_counterfactual_candidate_mean,no_counterfactual_candidate_std,total_recourse_attempts_mean,total_recourse_attempts_std,recourse_transfer_rate_mean,recourse_transfer_rate_std,mean_recourse_distance_mean,mean_recourse_distance_std,median_recourse_distance_mean,median_recourse_distance_std,n_seeds,total_attempts,total_transfers,total_failures,pooled_transfer_rate
breast_cancer,2,0.25,0.9692982456140351,0.01113417120740338,0.9236842105263158,0.03309393875303136,0.7965517241379311,0.06592933517103443,0.031284802234152295,0.04023739136247498,105.3,3.7727090178455756,8.7,3.7727090178455764,0.0,0.0,105.3,3.7727090178455756,0.5022755556048736,0.20195080422484885,4.798650459178945,0.43637737727528486,4.344244122599067,0.31224327440816424,10,1053,532,521,0.5052231718898386
breast_cancer,3,0.25,0.9692982456140351,0.01113417120740338,0.9377192982456141,0.027569238751633147,0.8310344827586207,0.061791632440071804,0.02038123777757727,0.01755578270541841,106.9,3.1428932176861757,7.1,3.142893217686178,0.0,0.0,106.9,3.1428932176861757,0.5194210695154091,0.17963485146617408,4.770462792987646,0.5283432035857875,4.278703503306126,0.44151451938528413,10,1069,557,512,0.5210477081384471
breast_cancer,5,0.25,0.9692982456140351,0.01113417120740338,0.9464912280701755,0.024965349948697722,0.8482758620689654,0.07484515216597569,0.01533184107646944,0.012935648122127422,107.9,2.8460498941515424,6.1,2.8460498941515415,0.0,0.0,107.9,2.8460498941515424,0.48999784766557386,0.22900292677196177,4.695081092650549,0.4644238249024337,4.227143423211122,0.29405461908773634,10,1079,531,548,0.49212233549582945
breast_cancer,7,0.25,0.9692982456140351,0.01113417120740338,0.9429824561403508,0.027507145792729216,0.8448275862068966,0.06347908630567392,0.01867633359290862,0.01897424009690839,107.5,3.1358146203711312,6.5,3.13581462037113,0.0,0.0,107.5,3.1358146203711312,0.4529078245855569,0.217754535129228,4.683726218424217,0.4362701501965565,4.158573988342416,0.309081613067782,10,1075,489,586,0.45488372093023255
breast_cancer,10,0.25,0.9692982456140351,0.01113417120740338,0.9447368421052632,0.027131603999209462,0.8448275862068966,0.07131996348270608,0.01694489070847058,0.018087803809784565,107.7,3.0930028559098783,6.3,3.0930028559098792,0.0,0.0,107.7,3.0930028559098783,0.4437893162680194,0.2240113960399215,4.712682373543299,0.39666827682663897,4.187681274187055,0.2760542562878476,10,1077,481,596,0.44661095636026
diabetes,2,0.25,0.6829545454545454,0.04024788320951365,0.7386363636363636,0.04079670308435229,0.4818181818181818,0.08886592908251624,0.11666010646139686,0.04254484586352812,65.0,3.5901098714230026,23.0,3.590109871423003,0.0,0.0,65.0,3.5901098714230026,0.5017826918694176,0.17887493720188874,2.635209872111869,0.06943534691829943,2.546268151658629,0.0900434407313815,10,650,327,323,0.5030769230769231
diabetes,3,0.25,0.6829545454545454,0.04024788320951365,0.7340909090909091,0.06387940601161451,0.4590909090909091,0.07858365139327236,0.12683632292830965,0.05639705560825777,64.6,5.621387729022079,23.4,5.621387729022079,0.0,0.0,64.6,5.621387729022079,0.47438670527896265,0.14387641334688198,2.567574608817242,0.09648262842983386,2.4551701742223955,0.11014181306867463,10,646,305,341,0.47213622291021673
diabetes,5,0.25,0.6829545454545454,0.04024788320951365,0.7136363636363636,0.04072630319913823,0.4954545454545454,0.09449979472431921,0.1674166766744789,0.049713329596804856,62.8,3.5839146815241634,25.2,3.5839146815241634,0.0,0.0,62.8,3.5839146815241634,0.46105933967963636,0.13055005214269302,2.4039295993009535,0.13570833172409288,2.331424948105771,0.12719986803332056,10,628,287,341,0.4570063694267516
diabetes,7,0.25,0.6829545454545454,0.04024788320951365,0.7125,0.033475077417099576,0.5227272727272727,0.1342427662626466,0.17334008422065855,0.033593118982905394,62.7,2.94580681270476,25.3,2.9458068127047596,0.0,0.0,62.7,2.94580681270476,0.4637837618663171,0.1332522004258335,2.2939812756559803,0.11891954485290052,2.218770703346714,0.1440843757759514,10,627,290,337,0.4625199362041467
diabetes,10,0.25,0.6829545454545454,0.04024788320951365,0.7170454545454545,0.018901477196779745,0.5409090909090909,0.1201659397508991,0.16165864931261692,0.05337490413191616,63.1,1.6633299933166201,24.9,1.6633299933166197,0.0,0.0,63.1,1.6633299933166201,0.4819033739814742,0.13638978287020279,2.2695986031945257,0.11429218774316796,2.221038844585064,0.1279030395977028,10,631,303,328,0.48019017432646594
wine,2,0.25,0.9944444444444445,0.01171213948210509,0.9638888888888889,0.029426386263093907,0.888888888888889,0.07407407407407408,0.006823442876058139,0.009481555969461784,34.7,1.0593499054713809,1.3,1.0593499054713802,0.0,0.0,34.7,1.0593499054713809,0.6923075290722349,0.24605008977835696,3.972464801351846,0.41835715568800524,3.8572541847515303,0.47720100968188633,10,347,241,106,0.6945244956772334
wine,3,0.25,0.9944444444444445,0.01171213948210509,0.95,0.025526016207574474,0.8222222222222222,0.0936971158568408,0.0085860528524539,0.01280109034534481,34.2,0.918936583472682,1.8,0.9189365834726815,0.0,0.0,34.2,0.918936583472682,0.7221288515406162,0.23019654880643572,4.072507870355961,0.35822955587091393,4.044619229814301,0.3787071433094364,10,342,247,95,0.7222222222222222
wine,5,0.25,0.9944444444444445,0.01171213948210509,0.95,0.025526016207574474,0.8222222222222222,0.0936971158568408,0.0085860528524539,0.01280109034534481,34.2,0.918936583472682,1.8,0.9189365834726815,0.0,0.0,34.2,0.918936583472682,0.6832399626517274,0.21000083769551345,3.992806400895998,0.2589141190814398,3.979195153326599,0.30679373680726524,10,342,233,109,0.6812865497076024
wine,7,0.25,0.9944444444444445,0.01171213948210509,0.95,0.025526016207574474,0.8222222222222222,0.0936971158568408,0.0085860528524539,0.01280109034534481,34.2,0.918936583472682,1.8,0.9189365834726815,0.0,0.0,34.2,0.918936583472682,0.6832399626517274,0.21000083769551345,3.992806400895998,0.2589141190814398,3.979195153326599,0.30679373680726524,10,342,233,109,0.6812865497076024
wine,10,0.25,0.9944444444444445,0.01171213948210509,0.95,0.025526016207574474,0.8222222222222222,0.0936971158568408,0.0085860528524539,0.01280109034534481,34.2,0.918936583472682,1.8,0.9189365834726815,0.0,0.0,34.2,0.918936583472682,0.6832399626517274,0.21000083769551345,3.992806400895998,0.2589141190814398,3.979195153326599,0.30679373680726524,10,342,233,109,0.6812865497076024
