dataset,seed_i,seed_j,accuracy_i,accuracy_j,epochs_i,epochs_j,global_agreement,boundary_fraction,boundary_i_n,boundary_j_n,boundary_intersection_n,boundary_union_n,boundary_jaccard,agreement_on_boundary_i,agreement_on_boundary_j,mean_directed_boundary_agreement,agreement_on_union,agreement_on_intersection,global_minus_union_agreement
cifar10,0,1,0.953,0.9527,200,200,0.959,0.1,1000,1000,627,1373,0.45666423889293517,0.658,0.663,0.6605000000000001,0.705753823743627,0.5614035087719298,0.2532461762563729
cifar10,0,2,0.953,0.9535,200,200,0.9591,0.1,1000,1000,606,1394,0.4347202295552367,0.668,0.668,0.668,0.7101865136298422,0.570957095709571,0.24891348637015775
cifar10,0,3,0.953,0.9542,200,200,0.9605,0.1,1000,1000,604,1396,0.4326647564469914,0.68,0.689,0.6845,0.7234957020057307,0.5943708609271523,0.23700429799426936
cifar10,0,4,0.953,0.9563,200,200,0.9621,0.1,1000,1000,616,1384,0.44508670520231214,0.685,0.701,0.6930000000000001,0.7333815028901735,0.6022727272727273,0.2287184971098265
cifar10,1,2,0.9527,0.9535,200,200,0.959,0.1,1000,1000,627,1373,0.45666423889293517,0.665,0.664,0.6645000000000001,0.7093954843408594,0.5661881977671451,0.24960451565914055
cifar10,1,3,0.9527,0.9542,200,200,0.9612,0.1,1000,1000,626,1374,0.4556040756914119,0.677,0.681,0.679,0.7234352256186317,0.5814696485623003,0.23776477438136834
cifar10,1,4,0.9527,0.9563,200,200,0.9607,0.1,1000,1000,608,1392,0.4367816091954023,0.673,0.691,0.6819999999999999,0.7227011494252874,0.5888157894736842,0.2379988505747126
cifar10,2,3,0.9535,0.9542,200,200,0.9587,0.1,1000,1000,618,1382,0.447178002894356,0.664,0.67,0.667,0.7076700434153401,0.5760517799352751,0.2510299565846599
cifar10,2,4,0.9535,0.9563,200,200,0.962,0.1,1000,1000,599,1401,0.42755174875089225,0.686,0.707,0.6965,0.7337615988579586,0.6093489148580968,0.2282384011420414
cifar10,3,4,0.9542,0.9563,200,200,0.9624,0.1,1000,1000,610,1390,0.43884892086330934,0.688,0.698,0.693,0.7388489208633093,0.5885245901639344,0.2235510791366907
cifar10,0,1,0.953,0.9527,200,200,0.959,0.2,2000,2000,1456,2544,0.5723270440251572,0.799,0.8025,0.8007500000000001,0.8388364779874213,0.7342032967032966,0.12016352201257863
cifar10,0,2,0.953,0.9535,200,200,0.9591,0.2,2000,2000,1437,2563,0.5606710885680842,0.8035,0.802,0.8027500000000001,0.8404213811939134,0.7355601948503827,0.11867861880608654
cifar10,0,3,0.953,0.9542,200,200,0.9605,0.2,2000,2000,1449,2551,0.5680125441003528,0.812,0.8115,0.81175,0.8451587612700902,0.7529330572808833,0.11534123872990987
cifar10,0,4,0.953,0.9563,200,200,0.9621,0.2,2000,2000,1423,2577,0.5521924718665114,0.815,0.8175,0.8162499999999999,0.8529297632906481,0.7498243148278285,0.10917023670935189
cifar10,1,2,0.9527,0.9535,200,200,0.959,0.2,2000,2000,1466,2534,0.5785319652722968,0.8025,0.8,0.80125,0.8382004735595896,0.737380627557981,0.12079952644041037
cifar10,1,3,0.9527,0.9542,200,200,0.9612,0.2,2000,2000,1460,2540,0.5748031496062992,0.8095,0.814,0.81175,0.8472440944881889,0.75,0.11395590551181112
cifar10,1,4,0.9527,0.9563,200,200,0.9607,0.2,2000,2000,1421,2579,0.5509887553315238,0.8115,0.8125,0.812,0.8476153547886778,0.7473610133708656,0.11308464521132222
cifar10,2,3,0.9535,0.9542,200,200,0.9587,0.2,2000,2000,1466,2534,0.5785319652722968,0.8015,0.7995,0.8005,0.8370165745856354,0.737380627557981,0.12168342541436461
cifar10,2,4,0.9535,0.9563,200,200,0.962,0.2,2000,2000,1446,2554,0.5661707126076743,0.817,0.817,0.817,0.851213782302271,0.7565698478561549,0.110786217697729
cifar10,3,4,0.9542,0.9563,200,200,0.9624,0.2,2000,2000,1466,2534,0.5785319652722968,0.82,0.8175,0.81875,0.8516179952644041,0.76193724420191,0.11078200473559596
cifar10,0,1,0.953,0.9527,200,200,0.959,0.25,2500,2500,1850,3150,0.5873015873015873,0.838,0.8392,0.8386,0.8698412698412699,0.7854054054054054,0.0891587301587301
cifar10,0,2,0.953,0.9535,200,200,0.9591,0.25,2500,2500,1838,3162,0.5812776723592663,0.8388,0.8388,0.8388,0.870651486401012,0.7840043525571273,0.08844851359898798
cifar10,0,3,0.953,0.9542,200,200,0.9605,0.25,2500,2500,1858,3142,0.5913430935709739,0.8476,0.8464,0.847,0.8742838956078931,0.8008611410118407,0.08621610439210692
cifar10,0,4,0.953,0.9563,200,200,0.9621,0.25,2500,2500,1840,3160,0.5822784810126582,0.8512,0.8528,0.852,0.8800632911392405,0.803804347826087,0.08203670886075942
cifar10,1,2,0.9527,0.9535,200,200,0.959,0.25,2500,2500,1833,3167,0.5787811809283233,0.8392,0.8384,0.8388,0.8705399431638775,0.7839607201309329,0.08846005683612246
cifar10,1,3,0.9527,0.9542,200,200,0.9612,0.25,2500,2500,1846,3154,0.585288522511097,0.846,0.8484,0.8472,0.8769816106531388,0.7963163596966414,0.08421838934686121
cifar10,1,4,0.9527,0.9563,200,200,0.9607,0.25,2500,2500,1838,3162,0.5812776723592663,0.8464,0.8484,0.8474,0.8757115749525617,0.7986942328618063,0.08498842504743831
cifar10,2,3,0.9535,0.9542,200,200,0.9587,0.25,2500,2500,1861,3139,0.5928639694170118,0.84,0.8376,0.8388,0.8684294361261549,0.7888232133261688,0.09027056387384513
cifar10,2,4,0.9535,0.9563,200,200,0.962,0.25,2500,2500,1833,3167,0.5787811809283233,0.852,0.8512,0.8515999999999999,0.8800126302494474,0.8025095471903982,0.08198736975055254
cifar10,3,4,0.9542,0.9563,200,200,0.9624,0.25,2500,2500,1863,3137,0.5938795027095951,0.8524,0.8524,0.8524,0.8801402613962385,0.8056897477187333,0.08225973860376157
mnist,0,1,0.9909,0.9927,30,30,0.9908,0.1,1000,1000,529,1471,0.35961930659415364,0.91,0.913,0.9115,0.9374575118966689,0.8393194706994329,0.05334248810333109
mnist,0,2,0.9909,0.9933,30,30,0.991,0.1,1000,1000,575,1425,0.40350877192982454,0.912,0.918,0.915,0.9368421052631579,0.8608695652173913,0.05415789473684207
mnist,0,3,0.9909,0.9918,30,30,0.9906,0.1,1000,1000,561,1439,0.3898540653231411,0.908,0.912,0.91,0.9346768589298123,0.8467023172905526,0.0559231410701877
mnist,0,4,0.9909,0.9939,30,30,0.9917,0.1,1000,1000,571,1429,0.3995801259622113,0.918,0.923,0.9205000000000001,0.9419174247725682,0.8669001751313485,0.04978257522743179
mnist,1,2,0.9927,0.9933,30,30,0.9931,0.1,1000,1000,577,1423,0.40548137737174983,0.931,0.933,0.932,0.9515108924806747,0.8838821490467937,0.04158910751932532
mnist,1,3,0.9927,0.9918,30,30,0.9913,0.1,1000,1000,507,1493,0.33958472873409246,0.919,0.916,0.9175,0.941728064300067,0.8461538461538461,0.04957193569993301
mnist,1,4,0.9927,0.9939,30,30,0.9931,0.1,1000,1000,578,1422,0.40646976090014064,0.933,0.936,0.9345000000000001,0.9514767932489452,0.8927335640138409,0.0416232067510548
mnist,2,3,0.9933,0.9918,30,30,0.9915,0.1,1000,1000,607,1393,0.4357501794687724,0.921,0.916,0.9185000000000001,0.9389806173725772,0.871499176276771,0.05251938262742284
mnist,2,4,0.9933,0.9939,30,30,0.993,0.1,1000,1000,578,1422,0.40646976090014064,0.932,0.934,0.933,0.9507735583684951,0.889273356401384,0.04222644163150491
mnist,3,4,0.9918,0.9939,30,30,0.9922,0.1,1000,1000,564,1436,0.39275766016713093,0.922,0.924,0.923,0.9456824512534819,0.8652482269503546,0.046517548746518034
mnist,0,1,0.9909,0.9927,30,30,0.9908,0.2,2000,2000,1118,2882,0.38792505204718947,0.9545,0.9545,0.9545,0.9680777238029147,0.9194991055456172,0.022722276197085334
mnist,0,2,0.9909,0.9933,30,30,0.991,0.2,2000,2000,1225,2775,0.44144144144144143,0.955,0.957,0.956,0.9675675675675676,0.929795918367347,0.023432432432432426
mnist,0,3,0.9909,0.9918,30,30,0.9906,0.2,2000,2000,1212,2788,0.4347202295552367,0.953,0.954,0.9535,0.966284074605452,0.9240924092409241,0.024315925394548077
mnist,0,4,0.9909,0.9939,30,30,0.9917,0.2,2000,2000,1199,2801,0.42806140664048553,0.9585,0.959,0.95875,0.97036772581221,0.9316096747289407,0.021332274187790046
mnist,1,2,0.9927,0.9933,30,30,0.9931,0.2,2000,2000,1248,2752,0.45348837209302323,0.9655,0.966,0.96575,0.9749273255813954,0.9455128205128205,0.018172674418604595
mnist,1,3,0.9927,0.9918,30,30,0.9913,0.2,2000,2000,1114,2886,0.386001386001386,0.958,0.9565,0.9572499999999999,0.9698544698544699,0.9245960502692998,0.02144553014553008
mnist,1,4,0.9927,0.9939,30,30,0.9931,0.2,2000,2000,1185,2815,0.42095914742451157,0.9655,0.966,0.96575,0.9754884547069271,0.9426160337552743,0.01761154529307285
mnist,2,3,0.9933,0.9918,30,30,0.9915,0.2,2000,2000,1314,2686,0.4892032762472077,0.9575,0.9575,0.9575,0.9683544303797469,0.9353120243531202,0.02314556962025316
mnist,2,4,0.9933,0.9939,30,30,0.993,0.2,2000,2000,1216,2784,0.4367816091954023,0.965,0.965,0.965,0.9748563218390804,0.9424342105263158,0.018143678160919552
mnist,3,4,0.9918,0.9939,30,30,0.9922,0.2,2000,2000,1211,2789,0.4342058085335246,0.961,0.9615,0.9612499999999999,0.9720329867335963,0.9364161849710982,0.02016701326640369
mnist,0,1,0.9909,0.9927,30,30,0.9908,0.25,2500,2500,1451,3549,0.4088475626937165,0.9636,0.9636,0.9636,0.9740772048464356,0.937973811164714,0.01672279515356445
mnist,0,2,0.9909,0.9933,30,30,0.991,0.25,2500,2500,1554,3446,0.4509576320371445,0.964,0.9648,0.9643999999999999,0.9738827626233314,0.9433719433719434,0.017117237376668593
mnist,0,3,0.9909,0.9918,30,30,0.9906,0.25,2500,2500,1555,3445,0.4513788098693759,0.9624,0.9628,0.9626,0.9727140783744558,0.940192926045016,0.017885921625544254
mnist,0,4,0.9909,0.9939,30,30,0.9917,0.25,2500,2500,1552,3448,0.45011600928074247,0.9668,0.9672,0.967,0.9759280742459396,0.9471649484536082,0.01577192575406039
mnist,1,2,0.9927,0.9933,30,30,0.9931,0.25,2500,2500,1616,3384,0.47754137115839246,0.9724,0.9728,0.9726,0.9796099290780141,0.9579207920792079,0.013490070921985842
mnist,1,3,0.9927,0.9918,30,30,0.9913,0.25,2500,2500,1445,3555,0.40646976090014064,0.966,0.9652,0.9656,0.9755274261603376,0.9411764705882353,0.01577257383966235
mnist,1,4,0.9927,0.9939,30,30,0.9931,0.25,2500,2500,1535,3465,0.443001443001443,0.9724,0.9724,0.9724,0.9800865800865801,0.9550488599348534,0.013013419913419866
mnist,2,3,0.9933,0.9918,30,30,0.9915,0.25,2500,2500,1675,3325,0.5037593984962406,0.966,0.966,0.966,0.9744360902255639,0.9492537313432836,0.01706390977443617
mnist,2,4,0.9933,0.9939,30,30,0.993,0.25,2500,2500,1549,3451,0.4488554042306578,0.972,0.972,0.972,0.9797160243407708,0.9548095545513234,0.01328397565922923
mnist,3,4,0.9918,0.9939,30,30,0.9922,0.25,2500,2500,1575,3425,0.45985401459854014,0.9688,0.9688,0.9688,0.9772262773722628,0.9504761904761905,0.014973722627737218
