dataset,seed,depth,shift,teacher_accuracy,n_train,n_source,n_target_pool,n_target,n_profile_bins_requested,n_profile_bins_actual,n_empty_profile_bins,source_mean_confidence,target_mean_confidence,source_global_fidelity,true_target_fidelity,pred_global,pred_profile,error_global,error_profile,error_improvement,profile_wins
breast_cancer,6,3,hard,0.9649122807017544,341,114,114,57,3,3,0,44.81627655029297,26.929662704467773,0.9736842105263158,0.9649122807017544,0.9736842105263158,0.9579870729455218,0.00877192982456143,0.006925207756232621,0.00184672206832881,True
breast_cancer,6,3,easy,0.9649122807017544,341,114,114,57,3,3,0,44.81627655029297,66.32612609863281,0.9736842105263158,0.9824561403508771,0.9736842105263158,0.9963065558633426,0.00877192982456132,0.013850415512465464,-0.005078485687904144,False
breast_cancer,6,5,hard,0.9649122807017544,341,114,114,57,3,3,0,44.81627655029297,26.929662704467773,0.9824561403508771,0.9824561403508771,0.9824561403508771,0.9736842105263158,0.0,0.00877192982456132,-0.00877192982456132,False
breast_cancer,6,5,easy,0.9649122807017544,341,114,114,57,3,3,0,44.81627655029297,66.32612609863281,0.9824561403508771,0.9824561403508771,0.9824561403508771,0.9963065558633426,0.0,0.013850415512465464,-0.013850415512465464,False
breast_cancer,6,7,hard,0.9649122807017544,341,114,114,57,3,3,0,44.81627655029297,26.929662704467773,0.9824561403508771,0.9824561403508771,0.9824561403508771,0.9736842105263158,0.0,0.00877192982456132,-0.00877192982456132,False
breast_cancer,6,7,easy,0.9649122807017544,341,114,114,57,3,3,0,44.81627655029297,66.32612609863281,0.9824561403508771,0.9824561403508771,0.9824561403508771,0.9963065558633426,0.0,0.013850415512465464,-0.013850415512465464,False
wine,6,3,hard,1.0,106,36,36,18,3,3,0,22.016218185424805,14.378609657287598,0.9444444444444444,1.0,0.9444444444444444,0.8425925925925927,0.05555555555555558,0.15740740740740733,-0.10185185185185175,False
wine,6,3,easy,1.0,106,36,36,18,3,3,0,22.016218185424805,27.38878631591797,0.9444444444444444,1.0,0.9444444444444444,1.0,0.05555555555555558,0.0,0.05555555555555558,True
wine,6,5,hard,1.0,106,36,36,18,3,3,0,22.016218185424805,14.378609657287598,0.9444444444444444,1.0,0.9444444444444444,0.8425925925925927,0.05555555555555558,0.15740740740740733,-0.10185185185185175,False
wine,6,5,easy,1.0,106,36,36,18,3,3,0,22.016218185424805,27.38878631591797,0.9444444444444444,1.0,0.9444444444444444,1.0,0.05555555555555558,0.0,0.05555555555555558,True
wine,6,7,hard,1.0,106,36,36,18,3,3,0,22.016218185424805,14.378609657287598,0.9444444444444444,1.0,0.9444444444444444,0.8425925925925927,0.05555555555555558,0.15740740740740733,-0.10185185185185175,False
wine,6,7,easy,1.0,106,36,36,18,3,3,0,22.016218185424805,27.38878631591797,0.9444444444444444,1.0,0.9444444444444444,1.0,0.05555555555555558,0.0,0.05555555555555558,True
diabetes,6,3,hard,0.6779661016949152,265,88,89,44,3,3,0,16.92070770263672,6.77287483215332,0.7613636363636364,0.5681818181818182,0.7613636363636364,0.6489028213166144,0.19318181818181812,0.08072100313479613,0.11246081504702199,True
diabetes,6,3,easy,0.6779661016949152,265,88,89,45,3,3,0,16.92070770263672,27.861175537109375,0.7613636363636364,0.8666666666666667,0.7613636363636364,0.872899106002554,0.10530303030303034,0.006232439335887352,0.09907059096714299,True
diabetes,6,5,hard,0.6779661016949152,265,88,89,44,3,3,0,16.92070770263672,6.77287483215332,0.7386363636363636,0.4772727272727273,0.7386363636363636,0.6238244514106581,0.26136363636363635,0.14655172413793083,0.11481191222570553,True
diabetes,6,5,easy,0.6779661016949152,265,88,89,45,3,3,0,16.92070770263672,27.861175537109375,0.7386363636363636,0.8666666666666667,0.7386363636363636,0.8491954022988506,0.12803030303030305,0.017471264367816097,0.11055903866248695,True
diabetes,6,7,hard,0.6779661016949152,265,88,89,44,3,3,0,16.92070770263672,6.77287483215332,0.75,0.5454545454545454,0.75,0.6175548589341694,0.20454545454545459,0.07210031347962398,0.1324451410658306,True
diabetes,6,7,easy,0.6779661016949152,265,88,89,45,3,3,0,16.92070770263672,27.861175537109375,0.75,0.8666666666666667,0.75,0.8691187739463601,0.1166666666666667,0.0024521072796933607,0.11421455938697334,True
