dataset,depth,shift,teacher_accuracy_mean,teacher_accuracy_std,n_source_mean,n_source_std,n_target_pool_mean,n_target_pool_std,n_target_mean,n_target_std,source_mean_confidence_mean,source_mean_confidence_std,target_mean_confidence_mean,target_mean_confidence_std,source_global_fidelity_mean,source_global_fidelity_std,true_target_fidelity_mean,true_target_fidelity_std,pred_global_mean,pred_global_std,pred_profile_mean,pred_profile_std,error_global_mean,error_global_std,error_profile_mean,error_profile_std,error_improvement_mean,error_improvement_std,n_seeds,profile_win_rate
breast_cancer,3,easy,0.9692982456140351,0.009697733305132739,114.0,0.0,114.0,0.0,57.0,0.0,43.79979248046875,6.5441796715743,68.26508598327636,13.100942067108267,0.9342105263157894,0.029019639241636325,0.9807017543859649,0.01744612150897813,0.9342105263157894,0.029019639241636325,0.984349030470914,0.01681662437476644,0.046491228070175375,0.029254382311767888,0.019713758079409012,0.012472116852876497,0.02677746999076635,0.028959797500834307,10,0.7
breast_cancer,3,hard,0.9692982456140351,0.009697733305132739,114.0,0.0,114.0,0.0,57.0,0.0,43.79979248046875,6.5441796715743,21.267785263061523,4.544461639344023,0.9342105263157894,0.029019639241636325,0.9017543859649123,0.043918089720511345,0.9342105263157894,0.029019639241636325,0.8914589104339796,0.042273092208136354,0.03596491228070172,0.028182645052681834,0.028024007386888178,0.01890956079422564,0.007940904893813518,0.03814249840099085,10,0.7
breast_cancer,5,easy,0.9692982456140351,0.009697733305132739,114.0,0.0,114.0,0.0,57.0,0.0,43.79979248046875,6.5441796715743,68.26508598327636,13.100942067108267,0.9421052631578947,0.032873612450421544,0.9771929824561404,0.021959044860255662,0.9421052631578947,0.032873612450421544,0.9844413665743306,0.02072946092944284,0.03859649122807013,0.03561974814699664,0.024238227146814388,0.017102616718690154,0.014358264081255739,0.03580890573565542,10,0.4
breast_cancer,5,hard,0.9692982456140351,0.009697733305132739,114.0,0.0,114.0,0.0,57.0,0.0,43.79979248046875,6.5441796715743,21.267785263061523,4.544461639344023,0.9421052631578947,0.032873612450421544,0.9087719298245615,0.05952285684210282,0.9421052631578947,0.032873612450421544,0.9071560480147738,0.049918199957721496,0.05263157894736838,0.04030423611722287,0.04833795013850412,0.04779678103124144,0.00429362880886427,0.0354764086728261,10,0.6
breast_cancer,7,easy,0.9692982456140351,0.009697733305132739,114.0,0.0,114.0,0.0,57.0,0.0,43.79979248046875,6.5441796715743,68.26508598327636,13.100942067108267,0.9421052631578947,0.029004904719619307,0.9824561403508772,0.016540509501439704,0.9421052631578947,0.029004904719619307,0.9859187442289935,0.01854815802091201,0.0403508771929824,0.03234927879751888,0.01675900277008306,0.016164020326608953,0.02359187442289929,0.02616863925551445,10,0.9
breast_cancer,7,hard,0.9692982456140351,0.009697733305132739,114.0,0.0,114.0,0.0,57.0,0.0,43.79979248046875,6.5441796715743,21.267785263061523,4.544461639344023,0.9421052631578947,0.029004904719619307,0.9,0.04965597594234805,0.9421052631578947,0.029004904719619307,0.9044321329639888,0.04654610779595867,0.04385964912280696,0.04297350425935401,0.0385964912280701,0.02200860074142475,0.005263157894736849,0.03742378714917794,10,0.5
diabetes,3,easy,0.6774011299435028,0.01174573719737301,88.0,0.0,89.0,0.0,45.0,0.0,16.713670825958253,2.0737960113453116,27.917671775817873,4.950011832296094,0.7238636363636364,0.05695690136767266,0.86,0.044506130031999415,0.7238636363636364,0.05695690136767266,0.8635836526181354,0.05476483329625906,0.1361363636363636,0.0502560429993349,0.045509578544061104,0.02690052300103363,0.09062678509230242,0.0580412132328863,10,0.9
diabetes,3,hard,0.6774011299435028,0.01174573719737301,88.0,0.0,89.0,0.0,44.0,0.0,16.713670825958253,2.0737960113453116,6.349947738647461,1.1829606439308726,0.7238636363636364,0.05695690136767266,0.5613636363636363,0.11932720023638133,0.7238636363636364,0.05695690136767266,0.5949059561128526,0.05908886492449438,0.18295454545454543,0.08078933652552842,0.09561128526645761,0.08894821293638626,0.08734326018808775,0.09224697038572202,10,0.9
diabetes,5,easy,0.6774011299435028,0.01174573719737301,88.0,0.0,89.0,0.0,45.0,0.0,16.713670825958253,2.0737960113453116,27.917671775817873,4.950011832296094,0.7170454545454545,0.030041484937724825,0.828888888888889,0.05137345447229539,0.7170454545454545,0.030041484937724825,0.8247892720306516,0.03505474809413118,0.11184343434343431,0.0531887230748352,0.04115197956577254,0.022257984171915757,0.07069145477766173,0.06663980781326413,10,0.8
diabetes,5,hard,0.6774011299435028,0.01174573719737301,88.0,0.0,89.0,0.0,44.0,0.0,16.713670825958253,2.0737960113453116,6.349947738647461,1.1829606439308726,0.7170454545454545,0.030041484937724825,0.5454545454545454,0.08769573411204717,0.7170454545454545,0.030041484937724825,0.6120689655172414,0.06087233868974659,0.17159090909090904,0.08954949229475248,0.08542319749216296,0.06881494598130389,0.08616771159874606,0.04023134810541078,10,1.0
diabetes,7,easy,0.6774011299435028,0.01174573719737301,88.0,0.0,89.0,0.0,45.0,0.0,16.713670825958253,2.0737960113453116,27.917671775817873,4.950011832296094,0.7136363636363636,0.022600657409358016,0.7955555555555556,0.052168346256767424,0.7136363636363636,0.022600657409358016,0.8167330779054918,0.04433673975526532,0.08277777777777771,0.039068992774575935,0.0300357598978289,0.017696778927772026,0.052742017879948755,0.05239868112400136,10,0.9
diabetes,7,hard,0.6774011299435028,0.01174573719737301,88.0,0.0,89.0,0.0,44.0,0.0,16.713670825958253,2.0737960113453116,6.349947738647461,1.1829606439308726,0.7136363636363636,0.022600657409358016,0.5818181818181818,0.0695980853203385,0.7136363636363636,0.022600657409358016,0.6086206896551725,0.05021004655950588,0.1318181818181818,0.07029551945249725,0.05752351097178687,0.0395458821659614,0.07429467084639489,0.06669279508484885,10,0.8
wine,3,easy,0.9944444444444445,0.009711193038612483,36.0,0.0,36.0,0.0,18.0,0.0,23.526698875427247,1.1196073704190852,28.826959991455077,1.619090068852997,0.9527777777777777,0.026352313834736435,0.9888888888888889,0.02342427896421023,0.9527777777777777,0.026352313834736435,0.9888888888888889,0.026835882863313794,0.041666666666666616,0.03000342915929564,0.0222222222222222,0.03153590067764146,0.01944444444444442,0.03939268034478263,10,0.6
wine,3,hard,0.9944444444444445,0.009711193038612483,36.0,0.0,36.0,0.0,18.0,0.0,23.526698875427247,1.1196073704190852,16.16965503692627,1.9087971723269264,0.9527777777777777,0.026352313834736435,0.9333333333333332,0.05737753105492471,0.9527777777777777,0.026352313834736435,0.899537037037037,0.06514649115774493,0.05277777777777774,0.046203610925461644,0.0708333333333333,0.07669768611654305,-0.01805555555555555,0.07177004432426919,10,0.4
wine,5,easy,0.9944444444444445,0.009711193038612483,36.0,0.0,36.0,0.0,18.0,0.0,23.526698875427247,1.1196073704190852,28.826959991455077,1.619090068852997,0.9527777777777777,0.026352313834736435,0.9888888888888889,0.02342427896421023,0.9527777777777777,0.026352313834736435,0.9888888888888889,0.026835882863313794,0.041666666666666616,0.03000342915929564,0.0222222222222222,0.03153590067764146,0.01944444444444442,0.03939268034478263,10,0.6
wine,5,hard,0.9944444444444445,0.009711193038612483,36.0,0.0,36.0,0.0,18.0,0.0,23.526698875427247,1.1196073704190852,16.16965503692627,1.9087971723269264,0.9527777777777777,0.026352313834736435,0.9222222222222222,0.053671765726627546,0.9527777777777777,0.026352313834736435,0.899537037037037,0.06514649115774493,0.06388888888888886,0.04545532484679102,0.08194444444444442,0.07326753553553368,-0.01805555555555555,0.07177004432426919,10,0.4
wine,7,easy,0.9944444444444445,0.009711193038612483,36.0,0.0,36.0,0.0,18.0,0.0,23.526698875427247,1.1196073704190852,28.826959991455077,1.619090068852997,0.9527777777777777,0.026352313834736435,0.9888888888888889,0.02342427896421023,0.9527777777777777,0.026352313834736435,0.9888888888888889,0.026835882863313794,0.041666666666666616,0.03000342915929564,0.0222222222222222,0.03153590067764146,0.01944444444444442,0.03939268034478263,10,0.6
wine,7,hard,0.9944444444444445,0.009711193038612483,36.0,0.0,36.0,0.0,18.0,0.0,23.526698875427247,1.1196073704190852,16.16965503692627,1.9087971723269264,0.9527777777777777,0.026352313834736435,0.9222222222222222,0.053671765726627546,0.9527777777777777,0.026352313834736435,0.899537037037037,0.06514649115774493,0.06388888888888886,0.04545532484679102,0.08194444444444442,0.07326753553553368,-0.01805555555555555,0.07177004432426919,10,0.4
