dataset,seed,surrogate_family,surrogate_config,complexity_name,complexity_value,is_family_reference,is_tree_capacity_sweep,depth,teacher_accuracy,n_test,global_fidelity,aurc,boundary_type,boundary_fraction,n_boundary,boundary_fidelity,boundary_gap,boundary_set_jaccard,boundary_overlap_n,boundary_union_n
breast_cancer,2,decision_tree,tree_depth_1,max_depth,1.0,False,True,1,0.9766081871345029,171,0.9239766081871345,0.026288136539490154,confidence,0.1,18,0.8333333333333334,0.09064327485380108,0.6363636363636364,14,22
breast_cancer,2,decision_tree,tree_depth_1,max_depth,1.0,False,True,1,0.9766081871345029,171,0.9239766081871345,0.026288136539490154,segment_crossing,0.1,18,0.7777777777777778,0.14619883040935666,0.6363636363636364,14,22
breast_cancer,2,decision_tree,tree_depth_1,max_depth,1.0,False,True,1,0.9766081871345029,171,0.9239766081871345,0.026288136539490154,confidence,0.2,35,0.7714285714285715,0.152548036758563,0.5909090909090909,26,44
breast_cancer,2,decision_tree,tree_depth_1,max_depth,1.0,False,True,1,0.9766081871345029,171,0.9239766081871345,0.026288136539490154,segment_crossing,0.2,35,0.8285714285714286,0.09540517961570583,0.5909090909090909,26,44
breast_cancer,2,decision_tree,tree_depth_1,max_depth,1.0,False,True,1,0.9766081871345029,171,0.9239766081871345,0.026288136539490154,confidence,0.25,43,0.813953488372093,0.11002311981504143,0.5357142857142857,30,56
breast_cancer,2,decision_tree,tree_depth_1,max_depth,1.0,False,True,1,0.9766081871345029,171,0.9239766081871345,0.026288136539490154,segment_crossing,0.25,43,0.8372093023255814,0.08676730586155301,0.5357142857142857,30,56
breast_cancer,2,decision_tree,tree_depth_1,max_depth,1.0,False,True,1,0.9766081871345029,171,0.9239766081871345,0.026288136539490154,confidence,0.4,69,0.8695652173913043,0.05441139079583013,0.7037037037037037,57,81
breast_cancer,2,decision_tree,tree_depth_1,max_depth,1.0,False,True,1,0.9766081871345029,171,0.9239766081871345,0.026288136539490154,segment_crossing,0.4,69,0.8405797101449275,0.08339689804220696,0.7037037037037037,57,81
breast_cancer,2,decision_tree,tree_depth_2,max_depth,2.0,False,True,2,0.9766081871345029,171,0.9532163742690059,0.018011895234881566,confidence,0.1,18,0.8333333333333334,0.11988304093567248,0.6363636363636364,14,22
breast_cancer,2,decision_tree,tree_depth_2,max_depth,2.0,False,True,2,0.9766081871345029,171,0.9532163742690059,0.018011895234881566,segment_crossing,0.1,18,0.7777777777777778,0.17543859649122806,0.6363636363636364,14,22
breast_cancer,2,decision_tree,tree_depth_2,max_depth,2.0,False,True,2,0.9766081871345029,171,0.9532163742690059,0.018011895234881566,confidence,0.2,35,0.8285714285714286,0.12464494569757723,0.5909090909090909,26,44
breast_cancer,2,decision_tree,tree_depth_2,max_depth,2.0,False,True,2,0.9766081871345029,171,0.9532163742690059,0.018011895234881566,segment_crossing,0.2,35,0.8857142857142857,0.06750208855472017,0.5909090909090909,26,44
breast_cancer,2,decision_tree,tree_depth_2,max_depth,2.0,False,True,2,0.9766081871345029,171,0.9532163742690059,0.018011895234881566,confidence,0.25,43,0.8604651162790697,0.09275125798993611,0.5357142857142857,30,56
breast_cancer,2,decision_tree,tree_depth_2,max_depth,2.0,False,True,2,0.9766081871345029,171,0.9532163742690059,0.018011895234881566,segment_crossing,0.25,43,0.9069767441860465,0.04623963008295939,0.5357142857142857,30,56
breast_cancer,2,decision_tree,tree_depth_2,max_depth,2.0,False,True,2,0.9766081871345029,171,0.9532163742690059,0.018011895234881566,confidence,0.4,69,0.9130434782608695,0.04017289600813634,0.7037037037037037,57,81
breast_cancer,2,decision_tree,tree_depth_2,max_depth,2.0,False,True,2,0.9766081871345029,171,0.9532163742690059,0.018011895234881566,segment_crossing,0.4,69,0.9130434782608695,0.04017289600813634,0.7037037037037037,57,81
breast_cancer,2,decision_tree,tree_depth_3,max_depth,3.0,False,True,3,0.9766081871345029,171,0.9298245614035088,0.026121652490522475,confidence,0.1,18,0.7777777777777778,0.15204678362573099,0.6363636363636364,14,22
breast_cancer,2,decision_tree,tree_depth_3,max_depth,3.0,False,True,3,0.9766081871345029,171,0.9298245614035088,0.026121652490522475,segment_crossing,0.1,18,0.7222222222222222,0.20760233918128657,0.6363636363636364,14,22
breast_cancer,2,decision_tree,tree_depth_3,max_depth,3.0,False,True,3,0.9766081871345029,171,0.9298245614035088,0.026121652490522475,confidence,0.2,35,0.7714285714285715,0.1583959899749373,0.5909090909090909,26,44
breast_cancer,2,decision_tree,tree_depth_3,max_depth,3.0,False,True,3,0.9766081871345029,171,0.9298245614035088,0.026121652490522475,segment_crossing,0.2,35,0.8285714285714286,0.10125313283208015,0.5909090909090909,26,44
breast_cancer,2,decision_tree,tree_depth_3,max_depth,3.0,False,True,3,0.9766081871345029,171,0.9298245614035088,0.026121652490522475,confidence,0.25,43,0.813953488372093,0.11587107303141575,0.5357142857142857,30,56
breast_cancer,2,decision_tree,tree_depth_3,max_depth,3.0,False,True,3,0.9766081871345029,171,0.9298245614035088,0.026121652490522475,segment_crossing,0.25,43,0.8604651162790697,0.06935944512443903,0.5357142857142857,30,56
breast_cancer,2,decision_tree,tree_depth_3,max_depth,3.0,False,True,3,0.9766081871345029,171,0.9298245614035088,0.026121652490522475,confidence,0.4,69,0.8695652173913043,0.06025934401220445,0.7037037037037037,57,81
breast_cancer,2,decision_tree,tree_depth_3,max_depth,3.0,False,True,3,0.9766081871345029,171,0.9298245614035088,0.026121652490522475,segment_crossing,0.4,69,0.8695652173913043,0.06025934401220445,0.7037037037037037,57,81
breast_cancer,2,decision_tree,tree_depth_5,max_depth,5.0,True,True,5,0.9766081871345029,171,0.9415204678362573,0.020945849576975255,confidence,0.1,18,0.7777777777777778,0.16374269005847952,0.6363636363636364,14,22
breast_cancer,2,decision_tree,tree_depth_5,max_depth,5.0,True,True,5,0.9766081871345029,171,0.9415204678362573,0.020945849576975255,segment_crossing,0.1,18,0.7777777777777778,0.16374269005847952,0.6363636363636364,14,22
breast_cancer,2,decision_tree,tree_depth_5,max_depth,5.0,True,True,5,0.9766081871345029,171,0.9415204678362573,0.020945849576975255,confidence,0.2,35,0.8,0.14152046783625727,0.5909090909090909,26,44
breast_cancer,2,decision_tree,tree_depth_5,max_depth,5.0,True,True,5,0.9766081871345029,171,0.9415204678362573,0.020945849576975255,segment_crossing,0.2,35,0.8571428571428571,0.08437761069340022,0.5909090909090909,26,44
breast_cancer,2,decision_tree,tree_depth_5,max_depth,5.0,True,True,5,0.9766081871345029,171,0.9415204678362573,0.020945849576975255,confidence,0.25,43,0.8372093023255814,0.10431116551067587,0.5357142857142857,30,56
breast_cancer,2,decision_tree,tree_depth_5,max_depth,5.0,True,True,5,0.9766081871345029,171,0.9415204678362573,0.020945849576975255,segment_crossing,0.25,43,0.8837209302325582,0.05779953760369916,0.5357142857142857,30,56
breast_cancer,2,decision_tree,tree_depth_5,max_depth,5.0,True,True,5,0.9766081871345029,171,0.9415204678362573,0.020945849576975255,confidence,0.4,69,0.8840579710144928,0.05746249682176452,0.7037037037037037,57,81
breast_cancer,2,decision_tree,tree_depth_5,max_depth,5.0,True,True,5,0.9766081871345029,171,0.9415204678362573,0.020945849576975255,segment_crossing,0.4,69,0.8840579710144928,0.05746249682176452,0.7037037037037037,57,81
breast_cancer,2,decision_tree,tree_depth_7,max_depth,7.0,False,True,7,0.9766081871345029,171,0.9473684210526315,0.01161969344731749,confidence,0.1,18,0.8333333333333334,0.11403508771929816,0.6363636363636364,14,22
breast_cancer,2,decision_tree,tree_depth_7,max_depth,7.0,False,True,7,0.9766081871345029,171,0.9473684210526315,0.01161969344731749,segment_crossing,0.1,18,0.7777777777777778,0.16959064327485374,0.6363636363636364,14,22
breast_cancer,2,decision_tree,tree_depth_7,max_depth,7.0,False,True,7,0.9766081871345029,171,0.9473684210526315,0.01161969344731749,confidence,0.2,35,0.8,0.14736842105263148,0.5909090909090909,26,44
breast_cancer,2,decision_tree,tree_depth_7,max_depth,7.0,False,True,7,0.9766081871345029,171,0.9473684210526315,0.01161969344731749,segment_crossing,0.2,35,0.8571428571428571,0.09022556390977443,0.5909090909090909,26,44
breast_cancer,2,decision_tree,tree_depth_7,max_depth,7.0,False,True,7,0.9766081871345029,171,0.9473684210526315,0.01161969344731749,confidence,0.25,43,0.8372093023255814,0.11015911872705009,0.5357142857142857,30,56
breast_cancer,2,decision_tree,tree_depth_7,max_depth,7.0,False,True,7,0.9766081871345029,171,0.9473684210526315,0.01161969344731749,segment_crossing,0.25,43,0.8837209302325582,0.06364749082007337,0.5357142857142857,30,56
breast_cancer,2,decision_tree,tree_depth_7,max_depth,7.0,False,True,7,0.9766081871345029,171,0.9473684210526315,0.01161969344731749,confidence,0.4,69,0.8840579710144928,0.06331045003813873,0.7037037037037037,57,81
breast_cancer,2,decision_tree,tree_depth_7,max_depth,7.0,False,True,7,0.9766081871345029,171,0.9473684210526315,0.01161969344731749,segment_crossing,0.4,69,0.8985507246376812,0.04881769641495037,0.7037037037037037,57,81
breast_cancer,2,decision_tree,tree_depth_10,max_depth,10.0,False,True,10,0.9766081871345029,171,0.9473684210526315,0.01161969344731749,confidence,0.1,18,0.8333333333333334,0.11403508771929816,0.6363636363636364,14,22
breast_cancer,2,decision_tree,tree_depth_10,max_depth,10.0,False,True,10,0.9766081871345029,171,0.9473684210526315,0.01161969344731749,segment_crossing,0.1,18,0.7777777777777778,0.16959064327485374,0.6363636363636364,14,22
breast_cancer,2,decision_tree,tree_depth_10,max_depth,10.0,False,True,10,0.9766081871345029,171,0.9473684210526315,0.01161969344731749,confidence,0.2,35,0.8,0.14736842105263148,0.5909090909090909,26,44
breast_cancer,2,decision_tree,tree_depth_10,max_depth,10.0,False,True,10,0.9766081871345029,171,0.9473684210526315,0.01161969344731749,segment_crossing,0.2,35,0.8571428571428571,0.09022556390977443,0.5909090909090909,26,44
breast_cancer,2,decision_tree,tree_depth_10,max_depth,10.0,False,True,10,0.9766081871345029,171,0.9473684210526315,0.01161969344731749,confidence,0.25,43,0.8372093023255814,0.11015911872705009,0.5357142857142857,30,56
breast_cancer,2,decision_tree,tree_depth_10,max_depth,10.0,False,True,10,0.9766081871345029,171,0.9473684210526315,0.01161969344731749,segment_crossing,0.25,43,0.8837209302325582,0.06364749082007337,0.5357142857142857,30,56
breast_cancer,2,decision_tree,tree_depth_10,max_depth,10.0,False,True,10,0.9766081871345029,171,0.9473684210526315,0.01161969344731749,confidence,0.4,69,0.8840579710144928,0.06331045003813873,0.7037037037037037,57,81
breast_cancer,2,decision_tree,tree_depth_10,max_depth,10.0,False,True,10,0.9766081871345029,171,0.9473684210526315,0.01161969344731749,segment_crossing,0.4,69,0.8985507246376812,0.04881769641495037,0.7037037037037037,57,81
breast_cancer,2,logistic_regression,logistic_C_1,C,1.0,True,False,,0.9766081871345029,171,0.9824561403508771,0.00039858604894277077,confidence,0.1,18,0.8333333333333334,0.14912280701754377,0.6363636363636364,14,22
breast_cancer,2,logistic_regression,logistic_C_1,C,1.0,True,False,,0.9766081871345029,171,0.9824561403508771,0.00039858604894277077,segment_crossing,0.1,18,0.8333333333333334,0.14912280701754377,0.6363636363636364,14,22
breast_cancer,2,logistic_regression,logistic_C_1,C,1.0,True,False,,0.9766081871345029,171,0.9824561403508771,0.00039858604894277077,confidence,0.2,35,0.9142857142857143,0.06817042606516288,0.5909090909090909,26,44
breast_cancer,2,logistic_regression,logistic_C_1,C,1.0,True,False,,0.9766081871345029,171,0.9824561403508771,0.00039858604894277077,segment_crossing,0.2,35,0.9142857142857143,0.06817042606516288,0.5909090909090909,26,44
breast_cancer,2,logistic_regression,logistic_C_1,C,1.0,True,False,,0.9766081871345029,171,0.9824561403508771,0.00039858604894277077,confidence,0.25,43,0.9302325581395349,0.05222358221134227,0.5357142857142857,30,56
breast_cancer,2,logistic_regression,logistic_C_1,C,1.0,True,False,,0.9766081871345029,171,0.9824561403508771,0.00039858604894277077,segment_crossing,0.25,43,0.9302325581395349,0.05222358221134227,0.5357142857142857,30,56
breast_cancer,2,logistic_regression,logistic_C_1,C,1.0,True,False,,0.9766081871345029,171,0.9824561403508771,0.00039858604894277077,confidence,0.4,69,0.9565217391304348,0.025934401220442327,0.7037037037037037,57,81
breast_cancer,2,logistic_regression,logistic_C_1,C,1.0,True,False,,0.9766081871345029,171,0.9824561403508771,0.00039858604894277077,segment_crossing,0.4,69,0.9565217391304348,0.025934401220442327,0.7037037037037037,57,81
breast_cancer,2,knn,knn_k_5,n_neighbors,5.0,True,False,,0.9766081871345029,171,0.9766081871345029,0.0014290000388274106,confidence,0.1,18,0.7777777777777778,0.19883040935672514,0.6363636363636364,14,22
breast_cancer,2,knn,knn_k_5,n_neighbors,5.0,True,False,,0.9766081871345029,171,0.9766081871345029,0.0014290000388274106,segment_crossing,0.1,18,0.7777777777777778,0.19883040935672514,0.6363636363636364,14,22
breast_cancer,2,knn,knn_k_5,n_neighbors,5.0,True,False,,0.9766081871345029,171,0.9766081871345029,0.0014290000388274106,confidence,0.2,35,0.8857142857142857,0.09089390142021725,0.5909090909090909,26,44
breast_cancer,2,knn,knn_k_5,n_neighbors,5.0,True,False,,0.9766081871345029,171,0.9766081871345029,0.0014290000388274106,segment_crossing,0.2,35,0.8857142857142857,0.09089390142021725,0.5909090909090909,26,44
breast_cancer,2,knn,knn_k_5,n_neighbors,5.0,True,False,,0.9766081871345029,171,0.9766081871345029,0.0014290000388274106,confidence,0.25,43,0.9069767441860465,0.06963144294845647,0.5357142857142857,30,56
breast_cancer,2,knn,knn_k_5,n_neighbors,5.0,True,False,,0.9766081871345029,171,0.9766081871345029,0.0014290000388274106,segment_crossing,0.25,43,0.9069767441860465,0.06963144294845647,0.5357142857142857,30,56
breast_cancer,2,knn,knn_k_5,n_neighbors,5.0,True,False,,0.9766081871345029,171,0.9766081871345029,0.0014290000388274106,confidence,0.4,69,0.9420289855072463,0.034579201627256584,0.7037037037037037,57,81
breast_cancer,2,knn,knn_k_5,n_neighbors,5.0,True,False,,0.9766081871345029,171,0.9766081871345029,0.0014290000388274106,segment_crossing,0.4,69,0.9420289855072463,0.034579201627256584,0.7037037037037037,57,81
breast_cancer,2,mlp,mlp_width_32,hidden_width,32.0,True,False,,0.9766081871345029,171,0.9883040935672515,0.0002426568429945018,confidence,0.1,18,0.8888888888888888,0.09941520467836262,0.6363636363636364,14,22
breast_cancer,2,mlp,mlp_width_32,hidden_width,32.0,True,False,,0.9766081871345029,171,0.9883040935672515,0.0002426568429945018,segment_crossing,0.1,18,0.8888888888888888,0.09941520467836262,0.6363636363636364,14,22
breast_cancer,2,mlp,mlp_width_32,hidden_width,32.0,True,False,,0.9766081871345029,171,0.9883040935672515,0.0002426568429945018,confidence,0.2,35,0.9428571428571428,0.045446950710108625,0.5909090909090909,26,44
breast_cancer,2,mlp,mlp_width_32,hidden_width,32.0,True,False,,0.9766081871345029,171,0.9883040935672515,0.0002426568429945018,segment_crossing,0.2,35,0.9428571428571428,0.045446950710108625,0.5909090909090909,26,44
breast_cancer,2,mlp,mlp_width_32,hidden_width,32.0,True,False,,0.9766081871345029,171,0.9883040935672515,0.0002426568429945018,confidence,0.25,43,0.9534883720930233,0.03481572147422818,0.5357142857142857,30,56
breast_cancer,2,mlp,mlp_width_32,hidden_width,32.0,True,False,,0.9766081871345029,171,0.9883040935672515,0.0002426568429945018,segment_crossing,0.25,43,0.9534883720930233,0.03481572147422818,0.5357142857142857,30,56
breast_cancer,2,mlp,mlp_width_32,hidden_width,32.0,True,False,,0.9766081871345029,171,0.9883040935672515,0.0002426568429945018,confidence,0.4,69,0.9710144927536232,0.017289600813628292,0.7037037037037037,57,81
breast_cancer,2,mlp,mlp_width_32,hidden_width,32.0,True,False,,0.9766081871345029,171,0.9883040935672515,0.0002426568429945018,segment_crossing,0.4,69,0.9710144927536232,0.017289600813628292,0.7037037037037037,57,81
wine,2,decision_tree,tree_depth_1,max_depth,1.0,False,True,1,1.0,54,0.9259259259259259,0.015503292241239254,confidence,0.1,6,0.6666666666666666,0.2592592592592593,0.7142857142857143,5,7
wine,2,decision_tree,tree_depth_1,max_depth,1.0,False,True,1,1.0,54,0.9259259259259259,0.015503292241239254,segment_crossing,0.1,6,0.6666666666666666,0.2592592592592593,0.7142857142857143,5,7
wine,2,decision_tree,tree_depth_1,max_depth,1.0,False,True,1,1.0,54,0.9259259259259259,0.015503292241239254,confidence,0.2,11,0.8181818181818182,0.1077441077441077,0.8333333333333334,10,12
wine,2,decision_tree,tree_depth_1,max_depth,1.0,False,True,1,1.0,54,0.9259259259259259,0.015503292241239254,segment_crossing,0.2,11,0.8181818181818182,0.1077441077441077,0.8333333333333334,10,12
wine,2,decision_tree,tree_depth_1,max_depth,1.0,False,True,1,1.0,54,0.9259259259259259,0.015503292241239254,confidence,0.25,14,0.8571428571428571,0.06878306878306883,0.8666666666666667,13,15
wine,2,decision_tree,tree_depth_1,max_depth,1.0,False,True,1,1.0,54,0.9259259259259259,0.015503292241239254,segment_crossing,0.25,14,0.8571428571428571,0.06878306878306883,0.8666666666666667,13,15
wine,2,decision_tree,tree_depth_1,max_depth,1.0,False,True,1,1.0,54,0.9259259259259259,0.015503292241239254,confidence,0.4,22,0.8181818181818182,0.1077441077441077,0.6296296296296297,17,27
wine,2,decision_tree,tree_depth_1,max_depth,1.0,False,True,1,1.0,54,0.9259259259259259,0.015503292241239254,segment_crossing,0.4,22,0.8636363636363636,0.062289562289562284,0.6296296296296297,17,27
wine,2,decision_tree,tree_depth_2,max_depth,2.0,False,True,2,1.0,54,0.9629629629629629,0.0028654057859115152,confidence,0.1,6,0.6666666666666666,0.2962962962962963,0.7142857142857143,5,7
wine,2,decision_tree,tree_depth_2,max_depth,2.0,False,True,2,1.0,54,0.9629629629629629,0.0028654057859115152,segment_crossing,0.1,6,0.8333333333333334,0.12962962962962954,0.7142857142857143,5,7
wine,2,decision_tree,tree_depth_2,max_depth,2.0,False,True,2,1.0,54,0.9629629629629629,0.0028654057859115152,confidence,0.2,11,0.8181818181818182,0.14478114478114468,0.8333333333333334,10,12
wine,2,decision_tree,tree_depth_2,max_depth,2.0,False,True,2,1.0,54,0.9629629629629629,0.0028654057859115152,segment_crossing,0.2,11,0.8181818181818182,0.14478114478114468,0.8333333333333334,10,12
wine,2,decision_tree,tree_depth_2,max_depth,2.0,False,True,2,1.0,54,0.9629629629629629,0.0028654057859115152,confidence,0.25,14,0.8571428571428571,0.10582010582010581,0.8666666666666667,13,15
wine,2,decision_tree,tree_depth_2,max_depth,2.0,False,True,2,1.0,54,0.9629629629629629,0.0028654057859115152,segment_crossing,0.25,14,0.8571428571428571,0.10582010582010581,0.8666666666666667,13,15
wine,2,decision_tree,tree_depth_2,max_depth,2.0,False,True,2,1.0,54,0.9629629629629629,0.0028654057859115152,confidence,0.4,22,0.9090909090909091,0.05387205387205385,0.6296296296296297,17,27
wine,2,decision_tree,tree_depth_2,max_depth,2.0,False,True,2,1.0,54,0.9629629629629629,0.0028654057859115152,segment_crossing,0.4,22,0.9090909090909091,0.05387205387205385,0.6296296296296297,17,27
wine,2,decision_tree,tree_depth_3,max_depth,3.0,False,True,3,1.0,54,0.9629629629629629,0.0028654057859115152,confidence,0.1,6,0.6666666666666666,0.2962962962962963,0.7142857142857143,5,7
wine,2,decision_tree,tree_depth_3,max_depth,3.0,False,True,3,1.0,54,0.9629629629629629,0.0028654057859115152,segment_crossing,0.1,6,0.8333333333333334,0.12962962962962954,0.7142857142857143,5,7
wine,2,decision_tree,tree_depth_3,max_depth,3.0,False,True,3,1.0,54,0.9629629629629629,0.0028654057859115152,confidence,0.2,11,0.8181818181818182,0.14478114478114468,0.8333333333333334,10,12
wine,2,decision_tree,tree_depth_3,max_depth,3.0,False,True,3,1.0,54,0.9629629629629629,0.0028654057859115152,segment_crossing,0.2,11,0.8181818181818182,0.14478114478114468,0.8333333333333334,10,12
wine,2,decision_tree,tree_depth_3,max_depth,3.0,False,True,3,1.0,54,0.9629629629629629,0.0028654057859115152,confidence,0.25,14,0.8571428571428571,0.10582010582010581,0.8666666666666667,13,15
wine,2,decision_tree,tree_depth_3,max_depth,3.0,False,True,3,1.0,54,0.9629629629629629,0.0028654057859115152,segment_crossing,0.25,14,0.8571428571428571,0.10582010582010581,0.8666666666666667,13,15
wine,2,decision_tree,tree_depth_3,max_depth,3.0,False,True,3,1.0,54,0.9629629629629629,0.0028654057859115152,confidence,0.4,22,0.9090909090909091,0.05387205387205385,0.6296296296296297,17,27
wine,2,decision_tree,tree_depth_3,max_depth,3.0,False,True,3,1.0,54,0.9629629629629629,0.0028654057859115152,segment_crossing,0.4,22,0.9090909090909091,0.05387205387205385,0.6296296296296297,17,27
wine,2,decision_tree,tree_depth_5,max_depth,5.0,True,True,5,1.0,54,0.9629629629629629,0.0028654057859115152,confidence,0.1,6,0.6666666666666666,0.2962962962962963,0.7142857142857143,5,7
wine,2,decision_tree,tree_depth_5,max_depth,5.0,True,True,5,1.0,54,0.9629629629629629,0.0028654057859115152,segment_crossing,0.1,6,0.8333333333333334,0.12962962962962954,0.7142857142857143,5,7
wine,2,decision_tree,tree_depth_5,max_depth,5.0,True,True,5,1.0,54,0.9629629629629629,0.0028654057859115152,confidence,0.2,11,0.8181818181818182,0.14478114478114468,0.8333333333333334,10,12
wine,2,decision_tree,tree_depth_5,max_depth,5.0,True,True,5,1.0,54,0.9629629629629629,0.0028654057859115152,segment_crossing,0.2,11,0.8181818181818182,0.14478114478114468,0.8333333333333334,10,12
wine,2,decision_tree,tree_depth_5,max_depth,5.0,True,True,5,1.0,54,0.9629629629629629,0.0028654057859115152,confidence,0.25,14,0.8571428571428571,0.10582010582010581,0.8666666666666667,13,15
wine,2,decision_tree,tree_depth_5,max_depth,5.0,True,True,5,1.0,54,0.9629629629629629,0.0028654057859115152,segment_crossing,0.25,14,0.8571428571428571,0.10582010582010581,0.8666666666666667,13,15
wine,2,decision_tree,tree_depth_5,max_depth,5.0,True,True,5,1.0,54,0.9629629629629629,0.0028654057859115152,confidence,0.4,22,0.9090909090909091,0.05387205387205385,0.6296296296296297,17,27
wine,2,decision_tree,tree_depth_5,max_depth,5.0,True,True,5,1.0,54,0.9629629629629629,0.0028654057859115152,segment_crossing,0.4,22,0.9090909090909091,0.05387205387205385,0.6296296296296297,17,27
wine,2,decision_tree,tree_depth_7,max_depth,7.0,False,True,7,1.0,54,0.9629629629629629,0.0028654057859115152,confidence,0.1,6,0.6666666666666666,0.2962962962962963,0.7142857142857143,5,7
wine,2,decision_tree,tree_depth_7,max_depth,7.0,False,True,7,1.0,54,0.9629629629629629,0.0028654057859115152,segment_crossing,0.1,6,0.8333333333333334,0.12962962962962954,0.7142857142857143,5,7
wine,2,decision_tree,tree_depth_7,max_depth,7.0,False,True,7,1.0,54,0.9629629629629629,0.0028654057859115152,confidence,0.2,11,0.8181818181818182,0.14478114478114468,0.8333333333333334,10,12
wine,2,decision_tree,tree_depth_7,max_depth,7.0,False,True,7,1.0,54,0.9629629629629629,0.0028654057859115152,segment_crossing,0.2,11,0.8181818181818182,0.14478114478114468,0.8333333333333334,10,12
wine,2,decision_tree,tree_depth_7,max_depth,7.0,False,True,7,1.0,54,0.9629629629629629,0.0028654057859115152,confidence,0.25,14,0.8571428571428571,0.10582010582010581,0.8666666666666667,13,15
wine,2,decision_tree,tree_depth_7,max_depth,7.0,False,True,7,1.0,54,0.9629629629629629,0.0028654057859115152,segment_crossing,0.25,14,0.8571428571428571,0.10582010582010581,0.8666666666666667,13,15
wine,2,decision_tree,tree_depth_7,max_depth,7.0,False,True,7,1.0,54,0.9629629629629629,0.0028654057859115152,confidence,0.4,22,0.9090909090909091,0.05387205387205385,0.6296296296296297,17,27
wine,2,decision_tree,tree_depth_7,max_depth,7.0,False,True,7,1.0,54,0.9629629629629629,0.0028654057859115152,segment_crossing,0.4,22,0.9090909090909091,0.05387205387205385,0.6296296296296297,17,27
wine,2,decision_tree,tree_depth_10,max_depth,10.0,False,True,10,1.0,54,0.9629629629629629,0.0028654057859115152,confidence,0.1,6,0.6666666666666666,0.2962962962962963,0.7142857142857143,5,7
wine,2,decision_tree,tree_depth_10,max_depth,10.0,False,True,10,1.0,54,0.9629629629629629,0.0028654057859115152,segment_crossing,0.1,6,0.8333333333333334,0.12962962962962954,0.7142857142857143,5,7
wine,2,decision_tree,tree_depth_10,max_depth,10.0,False,True,10,1.0,54,0.9629629629629629,0.0028654057859115152,confidence,0.2,11,0.8181818181818182,0.14478114478114468,0.8333333333333334,10,12
wine,2,decision_tree,tree_depth_10,max_depth,10.0,False,True,10,1.0,54,0.9629629629629629,0.0028654057859115152,segment_crossing,0.2,11,0.8181818181818182,0.14478114478114468,0.8333333333333334,10,12
wine,2,decision_tree,tree_depth_10,max_depth,10.0,False,True,10,1.0,54,0.9629629629629629,0.0028654057859115152,confidence,0.25,14,0.8571428571428571,0.10582010582010581,0.8666666666666667,13,15
wine,2,decision_tree,tree_depth_10,max_depth,10.0,False,True,10,1.0,54,0.9629629629629629,0.0028654057859115152,segment_crossing,0.25,14,0.8571428571428571,0.10582010582010581,0.8666666666666667,13,15
wine,2,decision_tree,tree_depth_10,max_depth,10.0,False,True,10,1.0,54,0.9629629629629629,0.0028654057859115152,confidence,0.4,22,0.9090909090909091,0.05387205387205385,0.6296296296296297,17,27
wine,2,decision_tree,tree_depth_10,max_depth,10.0,False,True,10,1.0,54,0.9629629629629629,0.0028654057859115152,segment_crossing,0.4,22,0.9090909090909091,0.05387205387205385,0.6296296296296297,17,27
wine,2,logistic_regression,logistic_C_1,C,1.0,True,False,,1.0,54,1.0,0.0,confidence,0.1,6,1.0,0.0,0.7142857142857143,5,7
wine,2,logistic_regression,logistic_C_1,C,1.0,True,False,,1.0,54,1.0,0.0,segment_crossing,0.1,6,1.0,0.0,0.7142857142857143,5,7
wine,2,logistic_regression,logistic_C_1,C,1.0,True,False,,1.0,54,1.0,0.0,confidence,0.2,11,1.0,0.0,0.8333333333333334,10,12
wine,2,logistic_regression,logistic_C_1,C,1.0,True,False,,1.0,54,1.0,0.0,segment_crossing,0.2,11,1.0,0.0,0.8333333333333334,10,12
wine,2,logistic_regression,logistic_C_1,C,1.0,True,False,,1.0,54,1.0,0.0,confidence,0.25,14,1.0,0.0,0.8666666666666667,13,15
wine,2,logistic_regression,logistic_C_1,C,1.0,True,False,,1.0,54,1.0,0.0,segment_crossing,0.25,14,1.0,0.0,0.8666666666666667,13,15
wine,2,logistic_regression,logistic_C_1,C,1.0,True,False,,1.0,54,1.0,0.0,confidence,0.4,22,1.0,0.0,0.6296296296296297,17,27
wine,2,logistic_regression,logistic_C_1,C,1.0,True,False,,1.0,54,1.0,0.0,segment_crossing,0.4,22,1.0,0.0,0.6296296296296297,17,27
wine,2,knn,knn_k_5,n_neighbors,5.0,True,False,,1.0,54,0.9814814814814815,0.0005208737738437251,confidence,0.1,6,0.8333333333333334,0.14814814814814814,0.7142857142857143,5,7
wine,2,knn,knn_k_5,n_neighbors,5.0,True,False,,1.0,54,0.9814814814814815,0.0005208737738437251,segment_crossing,0.1,6,0.8333333333333334,0.14814814814814814,0.7142857142857143,5,7
wine,2,knn,knn_k_5,n_neighbors,5.0,True,False,,1.0,54,0.9814814814814815,0.0005208737738437251,confidence,0.2,11,0.9090909090909091,0.07239057239057245,0.8333333333333334,10,12
wine,2,knn,knn_k_5,n_neighbors,5.0,True,False,,1.0,54,0.9814814814814815,0.0005208737738437251,segment_crossing,0.2,11,0.9090909090909091,0.07239057239057245,0.8333333333333334,10,12
wine,2,knn,knn_k_5,n_neighbors,5.0,True,False,,1.0,54,0.9814814814814815,0.0005208737738437251,confidence,0.25,14,0.9285714285714286,0.05291005291005291,0.8666666666666667,13,15
wine,2,knn,knn_k_5,n_neighbors,5.0,True,False,,1.0,54,0.9814814814814815,0.0005208737738437251,segment_crossing,0.25,14,0.9285714285714286,0.05291005291005291,0.8666666666666667,13,15
wine,2,knn,knn_k_5,n_neighbors,5.0,True,False,,1.0,54,0.9814814814814815,0.0005208737738437251,confidence,0.4,22,0.9545454545454546,0.026936026936026924,0.6296296296296297,17,27
wine,2,knn,knn_k_5,n_neighbors,5.0,True,False,,1.0,54,0.9814814814814815,0.0005208737738437251,segment_crossing,0.4,22,0.9545454545454546,0.026936026936026924,0.6296296296296297,17,27
wine,2,mlp,mlp_width_32,hidden_width,32.0,True,False,,1.0,54,1.0,0.0,confidence,0.1,6,1.0,0.0,0.7142857142857143,5,7
wine,2,mlp,mlp_width_32,hidden_width,32.0,True,False,,1.0,54,1.0,0.0,segment_crossing,0.1,6,1.0,0.0,0.7142857142857143,5,7
wine,2,mlp,mlp_width_32,hidden_width,32.0,True,False,,1.0,54,1.0,0.0,confidence,0.2,11,1.0,0.0,0.8333333333333334,10,12
wine,2,mlp,mlp_width_32,hidden_width,32.0,True,False,,1.0,54,1.0,0.0,segment_crossing,0.2,11,1.0,0.0,0.8333333333333334,10,12
wine,2,mlp,mlp_width_32,hidden_width,32.0,True,False,,1.0,54,1.0,0.0,confidence,0.25,14,1.0,0.0,0.8666666666666667,13,15
wine,2,mlp,mlp_width_32,hidden_width,32.0,True,False,,1.0,54,1.0,0.0,segment_crossing,0.25,14,1.0,0.0,0.8666666666666667,13,15
wine,2,mlp,mlp_width_32,hidden_width,32.0,True,False,,1.0,54,1.0,0.0,confidence,0.4,22,1.0,0.0,0.6296296296296297,17,27
wine,2,mlp,mlp_width_32,hidden_width,32.0,True,False,,1.0,54,1.0,0.0,segment_crossing,0.4,22,1.0,0.0,0.6296296296296297,17,27
iris,2,decision_tree,tree_depth_1,max_depth,1.0,False,True,1,1.0,45,1.0,0.0,confidence,0.1,5,1.0,0.0,0.6666666666666666,4,6
iris,2,decision_tree,tree_depth_1,max_depth,1.0,False,True,1,1.0,45,1.0,0.0,segment_crossing,0.1,5,1.0,0.0,0.6666666666666666,4,6
iris,2,decision_tree,tree_depth_1,max_depth,1.0,False,True,1,1.0,45,1.0,0.0,confidence,0.2,9,1.0,0.0,0.38461538461538464,5,13
iris,2,decision_tree,tree_depth_1,max_depth,1.0,False,True,1,1.0,45,1.0,0.0,segment_crossing,0.2,9,1.0,0.0,0.38461538461538464,5,13
iris,2,decision_tree,tree_depth_1,max_depth,1.0,False,True,1,1.0,45,1.0,0.0,confidence,0.25,12,1.0,0.0,0.4117647058823529,7,17
iris,2,decision_tree,tree_depth_1,max_depth,1.0,False,True,1,1.0,45,1.0,0.0,segment_crossing,0.25,12,1.0,0.0,0.4117647058823529,7,17
iris,2,decision_tree,tree_depth_1,max_depth,1.0,False,True,1,1.0,45,1.0,0.0,confidence,0.4,18,1.0,0.0,0.44,11,25
iris,2,decision_tree,tree_depth_1,max_depth,1.0,False,True,1,1.0,45,1.0,0.0,segment_crossing,0.4,18,1.0,0.0,0.44,11,25
iris,2,decision_tree,tree_depth_2,max_depth,2.0,False,True,2,1.0,45,1.0,0.0,confidence,0.1,5,1.0,0.0,0.6666666666666666,4,6
iris,2,decision_tree,tree_depth_2,max_depth,2.0,False,True,2,1.0,45,1.0,0.0,segment_crossing,0.1,5,1.0,0.0,0.6666666666666666,4,6
iris,2,decision_tree,tree_depth_2,max_depth,2.0,False,True,2,1.0,45,1.0,0.0,confidence,0.2,9,1.0,0.0,0.38461538461538464,5,13
iris,2,decision_tree,tree_depth_2,max_depth,2.0,False,True,2,1.0,45,1.0,0.0,segment_crossing,0.2,9,1.0,0.0,0.38461538461538464,5,13
iris,2,decision_tree,tree_depth_2,max_depth,2.0,False,True,2,1.0,45,1.0,0.0,confidence,0.25,12,1.0,0.0,0.4117647058823529,7,17
iris,2,decision_tree,tree_depth_2,max_depth,2.0,False,True,2,1.0,45,1.0,0.0,segment_crossing,0.25,12,1.0,0.0,0.4117647058823529,7,17
iris,2,decision_tree,tree_depth_2,max_depth,2.0,False,True,2,1.0,45,1.0,0.0,confidence,0.4,18,1.0,0.0,0.44,11,25
iris,2,decision_tree,tree_depth_2,max_depth,2.0,False,True,2,1.0,45,1.0,0.0,segment_crossing,0.4,18,1.0,0.0,0.44,11,25
iris,2,decision_tree,tree_depth_3,max_depth,3.0,False,True,3,1.0,45,1.0,0.0,confidence,0.1,5,1.0,0.0,0.6666666666666666,4,6
iris,2,decision_tree,tree_depth_3,max_depth,3.0,False,True,3,1.0,45,1.0,0.0,segment_crossing,0.1,5,1.0,0.0,0.6666666666666666,4,6
iris,2,decision_tree,tree_depth_3,max_depth,3.0,False,True,3,1.0,45,1.0,0.0,confidence,0.2,9,1.0,0.0,0.38461538461538464,5,13
iris,2,decision_tree,tree_depth_3,max_depth,3.0,False,True,3,1.0,45,1.0,0.0,segment_crossing,0.2,9,1.0,0.0,0.38461538461538464,5,13
iris,2,decision_tree,tree_depth_3,max_depth,3.0,False,True,3,1.0,45,1.0,0.0,confidence,0.25,12,1.0,0.0,0.4117647058823529,7,17
iris,2,decision_tree,tree_depth_3,max_depth,3.0,False,True,3,1.0,45,1.0,0.0,segment_crossing,0.25,12,1.0,0.0,0.4117647058823529,7,17
iris,2,decision_tree,tree_depth_3,max_depth,3.0,False,True,3,1.0,45,1.0,0.0,confidence,0.4,18,1.0,0.0,0.44,11,25
iris,2,decision_tree,tree_depth_3,max_depth,3.0,False,True,3,1.0,45,1.0,0.0,segment_crossing,0.4,18,1.0,0.0,0.44,11,25
iris,2,decision_tree,tree_depth_5,max_depth,5.0,True,True,5,1.0,45,1.0,0.0,confidence,0.1,5,1.0,0.0,0.6666666666666666,4,6
iris,2,decision_tree,tree_depth_5,max_depth,5.0,True,True,5,1.0,45,1.0,0.0,segment_crossing,0.1,5,1.0,0.0,0.6666666666666666,4,6
iris,2,decision_tree,tree_depth_5,max_depth,5.0,True,True,5,1.0,45,1.0,0.0,confidence,0.2,9,1.0,0.0,0.38461538461538464,5,13
iris,2,decision_tree,tree_depth_5,max_depth,5.0,True,True,5,1.0,45,1.0,0.0,segment_crossing,0.2,9,1.0,0.0,0.38461538461538464,5,13
iris,2,decision_tree,tree_depth_5,max_depth,5.0,True,True,5,1.0,45,1.0,0.0,confidence,0.25,12,1.0,0.0,0.4117647058823529,7,17
iris,2,decision_tree,tree_depth_5,max_depth,5.0,True,True,5,1.0,45,1.0,0.0,segment_crossing,0.25,12,1.0,0.0,0.4117647058823529,7,17
iris,2,decision_tree,tree_depth_5,max_depth,5.0,True,True,5,1.0,45,1.0,0.0,confidence,0.4,18,1.0,0.0,0.44,11,25
iris,2,decision_tree,tree_depth_5,max_depth,5.0,True,True,5,1.0,45,1.0,0.0,segment_crossing,0.4,18,1.0,0.0,0.44,11,25
iris,2,decision_tree,tree_depth_7,max_depth,7.0,False,True,7,1.0,45,1.0,0.0,confidence,0.1,5,1.0,0.0,0.6666666666666666,4,6
iris,2,decision_tree,tree_depth_7,max_depth,7.0,False,True,7,1.0,45,1.0,0.0,segment_crossing,0.1,5,1.0,0.0,0.6666666666666666,4,6
iris,2,decision_tree,tree_depth_7,max_depth,7.0,False,True,7,1.0,45,1.0,0.0,confidence,0.2,9,1.0,0.0,0.38461538461538464,5,13
iris,2,decision_tree,tree_depth_7,max_depth,7.0,False,True,7,1.0,45,1.0,0.0,segment_crossing,0.2,9,1.0,0.0,0.38461538461538464,5,13
iris,2,decision_tree,tree_depth_7,max_depth,7.0,False,True,7,1.0,45,1.0,0.0,confidence,0.25,12,1.0,0.0,0.4117647058823529,7,17
iris,2,decision_tree,tree_depth_7,max_depth,7.0,False,True,7,1.0,45,1.0,0.0,segment_crossing,0.25,12,1.0,0.0,0.4117647058823529,7,17
iris,2,decision_tree,tree_depth_7,max_depth,7.0,False,True,7,1.0,45,1.0,0.0,confidence,0.4,18,1.0,0.0,0.44,11,25
iris,2,decision_tree,tree_depth_7,max_depth,7.0,False,True,7,1.0,45,1.0,0.0,segment_crossing,0.4,18,1.0,0.0,0.44,11,25
iris,2,decision_tree,tree_depth_10,max_depth,10.0,False,True,10,1.0,45,1.0,0.0,confidence,0.1,5,1.0,0.0,0.6666666666666666,4,6
iris,2,decision_tree,tree_depth_10,max_depth,10.0,False,True,10,1.0,45,1.0,0.0,segment_crossing,0.1,5,1.0,0.0,0.6666666666666666,4,6
iris,2,decision_tree,tree_depth_10,max_depth,10.0,False,True,10,1.0,45,1.0,0.0,confidence,0.2,9,1.0,0.0,0.38461538461538464,5,13
iris,2,decision_tree,tree_depth_10,max_depth,10.0,False,True,10,1.0,45,1.0,0.0,segment_crossing,0.2,9,1.0,0.0,0.38461538461538464,5,13
iris,2,decision_tree,tree_depth_10,max_depth,10.0,False,True,10,1.0,45,1.0,0.0,confidence,0.25,12,1.0,0.0,0.4117647058823529,7,17
iris,2,decision_tree,tree_depth_10,max_depth,10.0,False,True,10,1.0,45,1.0,0.0,segment_crossing,0.25,12,1.0,0.0,0.4117647058823529,7,17
iris,2,decision_tree,tree_depth_10,max_depth,10.0,False,True,10,1.0,45,1.0,0.0,confidence,0.4,18,1.0,0.0,0.44,11,25
iris,2,decision_tree,tree_depth_10,max_depth,10.0,False,True,10,1.0,45,1.0,0.0,segment_crossing,0.4,18,1.0,0.0,0.44,11,25
iris,2,logistic_regression,logistic_C_1,C,1.0,True,False,,1.0,45,1.0,0.0,confidence,0.1,5,1.0,0.0,0.6666666666666666,4,6
iris,2,logistic_regression,logistic_C_1,C,1.0,True,False,,1.0,45,1.0,0.0,segment_crossing,0.1,5,1.0,0.0,0.6666666666666666,4,6
iris,2,logistic_regression,logistic_C_1,C,1.0,True,False,,1.0,45,1.0,0.0,confidence,0.2,9,1.0,0.0,0.38461538461538464,5,13
iris,2,logistic_regression,logistic_C_1,C,1.0,True,False,,1.0,45,1.0,0.0,segment_crossing,0.2,9,1.0,0.0,0.38461538461538464,5,13
iris,2,logistic_regression,logistic_C_1,C,1.0,True,False,,1.0,45,1.0,0.0,confidence,0.25,12,1.0,0.0,0.4117647058823529,7,17
iris,2,logistic_regression,logistic_C_1,C,1.0,True,False,,1.0,45,1.0,0.0,segment_crossing,0.25,12,1.0,0.0,0.4117647058823529,7,17
iris,2,logistic_regression,logistic_C_1,C,1.0,True,False,,1.0,45,1.0,0.0,confidence,0.4,18,1.0,0.0,0.44,11,25
iris,2,logistic_regression,logistic_C_1,C,1.0,True,False,,1.0,45,1.0,0.0,segment_crossing,0.4,18,1.0,0.0,0.44,11,25
iris,2,knn,knn_k_5,n_neighbors,5.0,True,False,,1.0,45,1.0,0.0,confidence,0.1,5,1.0,0.0,0.6666666666666666,4,6
iris,2,knn,knn_k_5,n_neighbors,5.0,True,False,,1.0,45,1.0,0.0,segment_crossing,0.1,5,1.0,0.0,0.6666666666666666,4,6
iris,2,knn,knn_k_5,n_neighbors,5.0,True,False,,1.0,45,1.0,0.0,confidence,0.2,9,1.0,0.0,0.38461538461538464,5,13
iris,2,knn,knn_k_5,n_neighbors,5.0,True,False,,1.0,45,1.0,0.0,segment_crossing,0.2,9,1.0,0.0,0.38461538461538464,5,13
iris,2,knn,knn_k_5,n_neighbors,5.0,True,False,,1.0,45,1.0,0.0,confidence,0.25,12,1.0,0.0,0.4117647058823529,7,17
iris,2,knn,knn_k_5,n_neighbors,5.0,True,False,,1.0,45,1.0,0.0,segment_crossing,0.25,12,1.0,0.0,0.4117647058823529,7,17
iris,2,knn,knn_k_5,n_neighbors,5.0,True,False,,1.0,45,1.0,0.0,confidence,0.4,18,1.0,0.0,0.44,11,25
iris,2,knn,knn_k_5,n_neighbors,5.0,True,False,,1.0,45,1.0,0.0,segment_crossing,0.4,18,1.0,0.0,0.44,11,25
iris,2,mlp,mlp_width_32,hidden_width,32.0,True,False,,1.0,45,1.0,0.0,confidence,0.1,5,1.0,0.0,0.6666666666666666,4,6
iris,2,mlp,mlp_width_32,hidden_width,32.0,True,False,,1.0,45,1.0,0.0,segment_crossing,0.1,5,1.0,0.0,0.6666666666666666,4,6
iris,2,mlp,mlp_width_32,hidden_width,32.0,True,False,,1.0,45,1.0,0.0,confidence,0.2,9,1.0,0.0,0.38461538461538464,5,13
iris,2,mlp,mlp_width_32,hidden_width,32.0,True,False,,1.0,45,1.0,0.0,segment_crossing,0.2,9,1.0,0.0,0.38461538461538464,5,13
iris,2,mlp,mlp_width_32,hidden_width,32.0,True,False,,1.0,45,1.0,0.0,confidence,0.25,12,1.0,0.0,0.4117647058823529,7,17
iris,2,mlp,mlp_width_32,hidden_width,32.0,True,False,,1.0,45,1.0,0.0,segment_crossing,0.25,12,1.0,0.0,0.4117647058823529,7,17
iris,2,mlp,mlp_width_32,hidden_width,32.0,True,False,,1.0,45,1.0,0.0,confidence,0.4,18,1.0,0.0,0.44,11,25
iris,2,mlp,mlp_width_32,hidden_width,32.0,True,False,,1.0,45,1.0,0.0,segment_crossing,0.4,18,1.0,0.0,0.44,11,25
diabetes,2,decision_tree,tree_depth_1,max_depth,1.0,False,True,1,0.6842105263157895,133,0.7142857142857143,0.14456009856215113,confidence,0.1,14,0.5,0.2142857142857143,0.4,8,20
diabetes,2,decision_tree,tree_depth_1,max_depth,1.0,False,True,1,0.6842105263157895,133,0.7142857142857143,0.14456009856215113,segment_crossing,0.1,14,0.5714285714285714,0.1428571428571429,0.4,8,20
diabetes,2,decision_tree,tree_depth_1,max_depth,1.0,False,True,1,0.6842105263157895,133,0.7142857142857143,0.14456009856215113,confidence,0.2,27,0.5185185185185185,0.1957671957671958,0.4594594594594595,17,37
diabetes,2,decision_tree,tree_depth_1,max_depth,1.0,False,True,1,0.6842105263157895,133,0.7142857142857143,0.14456009856215113,segment_crossing,0.2,27,0.5185185185185185,0.1957671957671958,0.4594594594594595,17,37
diabetes,2,decision_tree,tree_depth_1,max_depth,1.0,False,True,1,0.6842105263157895,133,0.7142857142857143,0.14456009856215113,confidence,0.25,34,0.5882352941176471,0.12605042016806722,0.5454545454545454,24,44
diabetes,2,decision_tree,tree_depth_1,max_depth,1.0,False,True,1,0.6842105263157895,133,0.7142857142857143,0.14456009856215113,segment_crossing,0.25,34,0.5294117647058824,0.18487394957983194,0.5454545454545454,24,44
diabetes,2,decision_tree,tree_depth_1,max_depth,1.0,False,True,1,0.6842105263157895,133,0.7142857142857143,0.14456009856215113,confidence,0.4,54,0.5555555555555556,0.15873015873015872,0.5652173913043478,39,69
diabetes,2,decision_tree,tree_depth_1,max_depth,1.0,False,True,1,0.6842105263157895,133,0.7142857142857143,0.14456009856215113,segment_crossing,0.4,54,0.6481481481481481,0.06613756613756616,0.5652173913043478,39,69
diabetes,2,decision_tree,tree_depth_2,max_depth,2.0,False,True,2,0.6842105263157895,133,0.7293233082706767,0.15161872498008808,confidence,0.1,14,0.5,0.2293233082706767,0.4,8,20
diabetes,2,decision_tree,tree_depth_2,max_depth,2.0,False,True,2,0.6842105263157895,133,0.7293233082706767,0.15161872498008808,segment_crossing,0.1,14,0.5714285714285714,0.1578947368421053,0.4,8,20
diabetes,2,decision_tree,tree_depth_2,max_depth,2.0,False,True,2,0.6842105263157895,133,0.7293233082706767,0.15161872498008808,confidence,0.2,27,0.5555555555555556,0.17376775271512113,0.4594594594594595,17,37
diabetes,2,decision_tree,tree_depth_2,max_depth,2.0,False,True,2,0.6842105263157895,133,0.7293233082706767,0.15161872498008808,segment_crossing,0.2,27,0.5555555555555556,0.17376775271512113,0.4594594594594595,17,37
diabetes,2,decision_tree,tree_depth_2,max_depth,2.0,False,True,2,0.6842105263157895,133,0.7293233082706767,0.15161872498008808,confidence,0.25,34,0.5882352941176471,0.14108801415302963,0.5454545454545454,24,44
diabetes,2,decision_tree,tree_depth_2,max_depth,2.0,False,True,2,0.6842105263157895,133,0.7293233082706767,0.15161872498008808,segment_crossing,0.25,34,0.5882352941176471,0.14108801415302963,0.5454545454545454,24,44
diabetes,2,decision_tree,tree_depth_2,max_depth,2.0,False,True,2,0.6842105263157895,133,0.7293233082706767,0.15161872498008808,confidence,0.4,54,0.5925925925925926,0.13673071567808415,0.5652173913043478,39,69
diabetes,2,decision_tree,tree_depth_2,max_depth,2.0,False,True,2,0.6842105263157895,133,0.7293233082706767,0.15161872498008808,segment_crossing,0.4,54,0.6666666666666666,0.06265664160401008,0.5652173913043478,39,69
diabetes,2,decision_tree,tree_depth_3,max_depth,3.0,False,True,3,0.6842105263157895,133,0.7293233082706767,0.18534501500650413,confidence,0.1,14,0.5714285714285714,0.1578947368421053,0.4,8,20
diabetes,2,decision_tree,tree_depth_3,max_depth,3.0,False,True,3,0.6842105263157895,133,0.7293233082706767,0.18534501500650413,segment_crossing,0.1,14,0.5,0.2293233082706767,0.4,8,20
diabetes,2,decision_tree,tree_depth_3,max_depth,3.0,False,True,3,0.6842105263157895,133,0.7293233082706767,0.18534501500650413,confidence,0.2,27,0.5925925925925926,0.13673071567808415,0.4594594594594595,17,37
diabetes,2,decision_tree,tree_depth_3,max_depth,3.0,False,True,3,0.6842105263157895,133,0.7293233082706767,0.18534501500650413,segment_crossing,0.2,27,0.5185185185185185,0.21080478975215822,0.4594594594594595,17,37
diabetes,2,decision_tree,tree_depth_3,max_depth,3.0,False,True,3,0.6842105263157895,133,0.7293233082706767,0.18534501500650413,confidence,0.25,34,0.6470588235294118,0.08226448474126491,0.5454545454545454,24,44
diabetes,2,decision_tree,tree_depth_3,max_depth,3.0,False,True,3,0.6842105263157895,133,0.7293233082706767,0.18534501500650413,segment_crossing,0.25,34,0.5882352941176471,0.14108801415302963,0.5454545454545454,24,44
diabetes,2,decision_tree,tree_depth_3,max_depth,3.0,False,True,3,0.6842105263157895,133,0.7293233082706767,0.18534501500650413,confidence,0.4,54,0.5925925925925926,0.13673071567808415,0.5652173913043478,39,69
diabetes,2,decision_tree,tree_depth_3,max_depth,3.0,False,True,3,0.6842105263157895,133,0.7293233082706767,0.18534501500650413,segment_crossing,0.4,54,0.6666666666666666,0.06265664160401008,0.5652173913043478,39,69
diabetes,2,decision_tree,tree_depth_5,max_depth,5.0,True,True,5,0.6842105263157895,133,0.7218045112781954,0.1758461731448315,confidence,0.1,14,0.5714285714285714,0.15037593984962405,0.4,8,20
diabetes,2,decision_tree,tree_depth_5,max_depth,5.0,True,True,5,0.6842105263157895,133,0.7218045112781954,0.1758461731448315,segment_crossing,0.1,14,0.5,0.22180451127819545,0.4,8,20
diabetes,2,decision_tree,tree_depth_5,max_depth,5.0,True,True,5,0.6842105263157895,133,0.7218045112781954,0.1758461731448315,confidence,0.2,27,0.5925925925925926,0.1292119186856029,0.4594594594594595,17,37
diabetes,2,decision_tree,tree_depth_5,max_depth,5.0,True,True,5,0.6842105263157895,133,0.7218045112781954,0.1758461731448315,segment_crossing,0.2,27,0.5185185185185185,0.20328599275967696,0.4594594594594595,17,37
diabetes,2,decision_tree,tree_depth_5,max_depth,5.0,True,True,5,0.6842105263157895,133,0.7218045112781954,0.1758461731448315,confidence,0.25,34,0.6176470588235294,0.10415745245466601,0.5454545454545454,24,44
diabetes,2,decision_tree,tree_depth_5,max_depth,5.0,True,True,5,0.6842105263157895,133,0.7218045112781954,0.1758461731448315,segment_crossing,0.25,34,0.5882352941176471,0.13356921716054837,0.5454545454545454,24,44
diabetes,2,decision_tree,tree_depth_5,max_depth,5.0,True,True,5,0.6842105263157895,133,0.7218045112781954,0.1758461731448315,confidence,0.4,54,0.5740740740740741,0.14773043720412138,0.5652173913043478,39,69
diabetes,2,decision_tree,tree_depth_5,max_depth,5.0,True,True,5,0.6842105263157895,133,0.7218045112781954,0.1758461731448315,segment_crossing,0.4,54,0.6666666666666666,0.05513784461152882,0.5652173913043478,39,69
diabetes,2,decision_tree,tree_depth_7,max_depth,7.0,False,True,7,0.6842105263157895,133,0.7443609022556391,0.15443729087699076,confidence,0.1,14,0.5714285714285714,0.17293233082706772,0.4,8,20
diabetes,2,decision_tree,tree_depth_7,max_depth,7.0,False,True,7,0.6842105263157895,133,0.7443609022556391,0.15443729087699076,segment_crossing,0.1,14,0.5,0.2443609022556391,0.4,8,20
diabetes,2,decision_tree,tree_depth_7,max_depth,7.0,False,True,7,0.6842105263157895,133,0.7443609022556391,0.15443729087699076,confidence,0.2,27,0.5925925925925926,0.15176830966304655,0.4594594594594595,17,37
diabetes,2,decision_tree,tree_depth_7,max_depth,7.0,False,True,7,0.6842105263157895,133,0.7443609022556391,0.15443729087699076,segment_crossing,0.2,27,0.48148148148148145,0.26287942077415766,0.4594594594594595,17,37
diabetes,2,decision_tree,tree_depth_7,max_depth,7.0,False,True,7,0.6842105263157895,133,0.7443609022556391,0.15443729087699076,confidence,0.25,34,0.5882352941176471,0.15612560813799203,0.5454545454545454,24,44
diabetes,2,decision_tree,tree_depth_7,max_depth,7.0,False,True,7,0.6842105263157895,133,0.7443609022556391,0.15443729087699076,segment_crossing,0.25,34,0.5588235294117647,0.1855373728438744,0.5454545454545454,24,44
diabetes,2,decision_tree,tree_depth_7,max_depth,7.0,False,True,7,0.6842105263157895,133,0.7443609022556391,0.15443729087699076,confidence,0.4,54,0.6111111111111112,0.13324979114452795,0.5652173913043478,39,69
diabetes,2,decision_tree,tree_depth_7,max_depth,7.0,False,True,7,0.6842105263157895,133,0.7443609022556391,0.15443729087699076,segment_crossing,0.4,54,0.6666666666666666,0.07769423558897248,0.5652173913043478,39,69
diabetes,2,decision_tree,tree_depth_10,max_depth,10.0,False,True,10,0.6842105263157895,133,0.7593984962406015,0.1774835442314816,confidence,0.1,14,0.5714285714285714,0.18796992481203012,0.4,8,20
diabetes,2,decision_tree,tree_depth_10,max_depth,10.0,False,True,10,0.6842105263157895,133,0.7593984962406015,0.1774835442314816,segment_crossing,0.1,14,0.5,0.2593984962406015,0.4,8,20
diabetes,2,decision_tree,tree_depth_10,max_depth,10.0,False,True,10,0.6842105263157895,133,0.7593984962406015,0.1774835442314816,confidence,0.2,27,0.5925925925925926,0.16680590364800896,0.4594594594594595,17,37
diabetes,2,decision_tree,tree_depth_10,max_depth,10.0,False,True,10,0.6842105263157895,133,0.7593984962406015,0.1774835442314816,segment_crossing,0.2,27,0.5925925925925926,0.16680590364800896,0.4594594594594595,17,37
diabetes,2,decision_tree,tree_depth_10,max_depth,10.0,False,True,10,0.6842105263157895,133,0.7593984962406015,0.1774835442314816,confidence,0.25,34,0.5882352941176471,0.17116320212295444,0.5454545454545454,24,44
diabetes,2,decision_tree,tree_depth_10,max_depth,10.0,False,True,10,0.6842105263157895,133,0.7593984962406015,0.1774835442314816,segment_crossing,0.25,34,0.6470588235294118,0.11233967271118972,0.5454545454545454,24,44
diabetes,2,decision_tree,tree_depth_10,max_depth,10.0,False,True,10,0.6842105263157895,133,0.7593984962406015,0.1774835442314816,confidence,0.4,54,0.6851851851851852,0.07421331105541629,0.5652173913043478,39,69
diabetes,2,decision_tree,tree_depth_10,max_depth,10.0,False,True,10,0.6842105263157895,133,0.7593984962406015,0.1774835442314816,segment_crossing,0.4,54,0.7222222222222222,0.03717627401837931,0.5652173913043478,39,69
diabetes,2,logistic_regression,logistic_C_1,C,1.0,True,False,,0.6842105263157895,133,0.7744360902255639,0.10258536213328676,confidence,0.1,14,0.42857142857142855,0.3458646616541354,0.4,8,20
diabetes,2,logistic_regression,logistic_C_1,C,1.0,True,False,,0.6842105263157895,133,0.7744360902255639,0.10258536213328676,segment_crossing,0.1,14,0.2857142857142857,0.4887218045112782,0.4,8,20
diabetes,2,logistic_regression,logistic_C_1,C,1.0,True,False,,0.6842105263157895,133,0.7744360902255639,0.10258536213328676,confidence,0.2,27,0.48148148148148145,0.29295460874408247,0.4594594594594595,17,37
diabetes,2,logistic_regression,logistic_C_1,C,1.0,True,False,,0.6842105263157895,133,0.7744360902255639,0.10258536213328676,segment_crossing,0.2,27,0.48148148148148145,0.29295460874408247,0.4594594594594595,17,37
diabetes,2,logistic_regression,logistic_C_1,C,1.0,True,False,,0.6842105263157895,133,0.7744360902255639,0.10258536213328676,confidence,0.25,34,0.5294117647058824,0.24502432551968156,0.5454545454545454,24,44
diabetes,2,logistic_regression,logistic_C_1,C,1.0,True,False,,0.6842105263157895,133,0.7744360902255639,0.10258536213328676,segment_crossing,0.25,34,0.5294117647058824,0.24502432551968156,0.5454545454545454,24,44
diabetes,2,logistic_regression,logistic_C_1,C,1.0,True,False,,0.6842105263157895,133,0.7744360902255639,0.10258536213328676,confidence,0.4,54,0.6111111111111112,0.16332497911445276,0.5652173913043478,39,69
diabetes,2,logistic_regression,logistic_C_1,C,1.0,True,False,,0.6842105263157895,133,0.7744360902255639,0.10258536213328676,segment_crossing,0.4,54,0.6296296296296297,0.14480646059593427,0.5652173913043478,39,69
diabetes,2,knn,knn_k_5,n_neighbors,5.0,True,False,,0.6842105263157895,133,0.7819548872180451,0.0944129329104826,confidence,0.1,14,0.42857142857142855,0.3533834586466165,0.4,8,20
diabetes,2,knn,knn_k_5,n_neighbors,5.0,True,False,,0.6842105263157895,133,0.7819548872180451,0.0944129329104826,segment_crossing,0.1,14,0.7142857142857143,0.06766917293233077,0.4,8,20
diabetes,2,knn,knn_k_5,n_neighbors,5.0,True,False,,0.6842105263157895,133,0.7819548872180451,0.0944129329104826,confidence,0.2,27,0.48148148148148145,0.3004734057365636,0.4594594594594595,17,37
diabetes,2,knn,knn_k_5,n_neighbors,5.0,True,False,,0.6842105263157895,133,0.7819548872180451,0.0944129329104826,segment_crossing,0.2,27,0.5925925925925926,0.1893622946254525,0.4594594594594595,17,37
diabetes,2,knn,knn_k_5,n_neighbors,5.0,True,False,,0.6842105263157895,133,0.7819548872180451,0.0944129329104826,confidence,0.25,34,0.5588235294117647,0.22313135780628035,0.5454545454545454,24,44
diabetes,2,knn,knn_k_5,n_neighbors,5.0,True,False,,0.6842105263157895,133,0.7819548872180451,0.0944129329104826,segment_crossing,0.25,34,0.6176470588235294,0.16430782839451563,0.5454545454545454,24,44
diabetes,2,knn,knn_k_5,n_neighbors,5.0,True,False,,0.6842105263157895,133,0.7819548872180451,0.0944129329104826,confidence,0.4,54,0.6111111111111112,0.1708437761069339,0.5652173913043478,39,69
diabetes,2,knn,knn_k_5,n_neighbors,5.0,True,False,,0.6842105263157895,133,0.7819548872180451,0.0944129329104826,segment_crossing,0.4,54,0.6851851851851852,0.09676970203285984,0.5652173913043478,39,69
diabetes,2,mlp,mlp_width_32,hidden_width,32.0,True,False,,0.6842105263157895,133,0.7669172932330827,0.08309196403778991,confidence,0.1,14,0.35714285714285715,0.4097744360902255,0.4,8,20
diabetes,2,mlp,mlp_width_32,hidden_width,32.0,True,False,,0.6842105263157895,133,0.7669172932330827,0.08309196403778991,segment_crossing,0.1,14,0.35714285714285715,0.4097744360902255,0.4,8,20
diabetes,2,mlp,mlp_width_32,hidden_width,32.0,True,False,,0.6842105263157895,133,0.7669172932330827,0.08309196403778991,confidence,0.2,27,0.48148148148148145,0.2854358117516012,0.4594594594594595,17,37
diabetes,2,mlp,mlp_width_32,hidden_width,32.0,True,False,,0.6842105263157895,133,0.7669172932330827,0.08309196403778991,segment_crossing,0.2,27,0.4444444444444444,0.32247284878863824,0.4594594594594595,17,37
diabetes,2,mlp,mlp_width_32,hidden_width,32.0,True,False,,0.6842105263157895,133,0.7669172932330827,0.08309196403778991,confidence,0.25,34,0.5,0.26691729323308266,0.5454545454545454,24,44
diabetes,2,mlp,mlp_width_32,hidden_width,32.0,True,False,,0.6842105263157895,133,0.7669172932330827,0.08309196403778991,segment_crossing,0.25,34,0.5588235294117647,0.20809376382131795,0.5454545454545454,24,44
diabetes,2,mlp,mlp_width_32,hidden_width,32.0,True,False,,0.6842105263157895,133,0.7669172932330827,0.08309196403778991,confidence,0.4,54,0.5740740740740741,0.1928432191590086,0.5652173913043478,39,69
diabetes,2,mlp,mlp_width_32,hidden_width,32.0,True,False,,0.6842105263157895,133,0.7669172932330827,0.08309196403778991,segment_crossing,0.4,54,0.6111111111111112,0.1558061821219715,0.5652173913043478,39,69
