dataset,depth,boundary_type,boundary_fraction,teacher_accuracy_mean,teacher_accuracy_std,global_fidelity_mean,global_fidelity_std,aurc_mean,aurc_std,n_boundary_mean,n_boundary_std,boundary_fidelity_mean,boundary_fidelity_std,boundary_gap_mean,boundary_gap_std,boundary_set_jaccard_mean,boundary_set_jaccard_std,boundary_overlap_n_mean,boundary_overlap_n_std,boundary_union_n_mean,boundary_union_n_std,n_seeds
breast_cancer,1,confidence,0.1,0.971345029239766,0.01417785305728518,0.9157894736842105,0.014110690893453307,0.035306173754273,0.014382569412000154,18.0,0.0,0.6722222222222223,0.09604668503622177,0.24356725146198827,0.09077470611357115,0.605123658949746,0.09474836402061855,13.5,1.35400640077266,22.5,1.35400640077266,10
breast_cancer,1,confidence,0.2,0.971345029239766,0.01417785305728518,0.9157894736842105,0.014110690893453307,0.035306173754273,0.014382569412000154,35.0,0.0,0.7657142857142858,0.07101467383736096,0.15007518796992475,0.062434721946153834,0.5425236087551355,0.08367121831999229,24.5,2.460803843372234,45.5,2.4608038433722337,10
breast_cancer,1,confidence,0.25,0.971345029239766,0.01417785305728518,0.9157894736842105,0.014110690893453307,0.035306173754273,0.014382569412000154,43.0,0.0,0.7930232558139535,0.06049492407791216,0.12276621787025696,0.05135931684367741,0.5460166021133318,0.059591686908247975,30.3,2.1108186931983415,55.7,2.1108186931983415,10
breast_cancer,1,confidence,0.4,0.971345029239766,0.01417785305728518,0.9157894736842105,0.014110690893453307,0.035306173754273,0.014382569412000154,69.0,0.0,0.8565217391304347,0.03891813345144509,0.059267734553775674,0.0302518036735679,0.6482812673936791,0.052688154989280554,54.2,2.658320271650252,83.8,2.6583202716502505,10
breast_cancer,1,segment_crossing,0.1,0.971345029239766,0.01417785305728518,0.9157894736842105,0.014110690893453307,0.035306173754273,0.014382569412000154,18.0,0.0,0.6722222222222223,0.08466021815305529,0.24356725146198827,0.07582382463018796,0.605123658949746,0.09474836402061855,13.5,1.35400640077266,22.5,1.35400640077266,10
breast_cancer,1,segment_crossing,0.2,0.971345029239766,0.01417785305728518,0.9157894736842105,0.014110690893453307,0.035306173754273,0.014382569412000154,35.0,0.0,0.7571428571428571,0.0715871256112996,0.1586466165413533,0.06013197579474974,0.5425236087551355,0.08367121831999229,24.5,2.460803843372234,45.5,2.4608038433722337,10
breast_cancer,1,segment_crossing,0.25,0.971345029239766,0.01417785305728518,0.9157894736842105,0.014110690893453307,0.035306173754273,0.014382569412000154,43.0,0.0,0.7790697674418604,0.05171187621754397,0.13671970624235003,0.04042435579112731,0.5460166021133318,0.059591686908247975,30.3,2.1108186931983415,55.7,2.1108186931983415,10
breast_cancer,1,segment_crossing,0.4,0.971345029239766,0.01417785305728518,0.9157894736842105,0.014110690893453307,0.035306173754273,0.014382569412000154,69.0,0.0,0.8347826086956521,0.024821705466019542,0.08100686498855827,0.017832873616778377,0.6482812673936791,0.052688154989280554,54.2,2.658320271650252,83.8,2.6583202716502505,10
breast_cancer,2,confidence,0.1,0.971345029239766,0.01417785305728518,0.9333333333333333,0.019917410954299886,0.03315716839584601,0.031083341366952153,18.0,0.0,0.7111111111111111,0.10734353145325509,0.22222222222222215,0.10121446382648865,0.605123658949746,0.09474836402061855,13.5,1.35400640077266,22.5,1.35400640077266,10
breast_cancer,2,confidence,0.2,0.971345029239766,0.01417785305728518,0.9333333333333333,0.019917410954299886,0.03315716839584601,0.031083341366952153,35.0,0.0,0.8028571428571428,0.07432233529572066,0.1304761904761904,0.06759427355456919,0.5425236087551355,0.08367121831999229,24.5,2.460803843372234,45.5,2.4608038433722337,10
breast_cancer,2,confidence,0.25,0.971345029239766,0.01417785305728518,0.9333333333333333,0.019917410954299886,0.03315716839584601,0.031083341366952153,43.0,0.0,0.8209302325581396,0.05595374397711187,0.11240310077519375,0.04840271780262557,0.5460166021133318,0.059591686908247975,30.3,2.1108186931983415,55.7,2.1108186931983415,10
breast_cancer,2,confidence,0.4,0.971345029239766,0.01417785305728518,0.9333333333333333,0.019917410954299886,0.03315716839584601,0.031083341366952153,69.0,0.0,0.8739130434782609,0.039866050310681654,0.0594202898550724,0.026486359839613872,0.6482812673936791,0.052688154989280554,54.2,2.658320271650252,83.8,2.6583202716502505,10
breast_cancer,2,segment_crossing,0.1,0.971345029239766,0.01417785305728518,0.9333333333333333,0.019917410954299886,0.03315716839584601,0.031083341366952153,18.0,0.0,0.7,0.08764562641629059,0.23333333333333325,0.08127509607462538,0.605123658949746,0.09474836402061855,13.5,1.35400640077266,22.5,1.35400640077266,10
breast_cancer,2,segment_crossing,0.2,0.971345029239766,0.01417785305728518,0.9333333333333333,0.019917410954299886,0.03315716839584601,0.031083341366952153,35.0,0.0,0.7971428571428572,0.08019251213341289,0.1361904761904761,0.0684752672720097,0.5425236087551355,0.08367121831999229,24.5,2.460803843372234,45.5,2.4608038433722337,10
breast_cancer,2,segment_crossing,0.25,0.971345029239766,0.01417785305728518,0.9333333333333333,0.019917410954299886,0.03315716839584601,0.031083341366952153,43.0,0.0,0.8255813953488371,0.07292592140397973,0.10775193798449607,0.06222019338215527,0.5460166021133318,0.059591686908247975,30.3,2.1108186931983415,55.7,2.1108186931983415,10
breast_cancer,2,segment_crossing,0.4,0.971345029239766,0.01417785305728518,0.9333333333333333,0.019917410954299886,0.03315716839584601,0.031083341366952153,69.0,0.0,0.8753623188405797,0.038767927821717646,0.05797101449275356,0.027877406855257227,0.6482812673936791,0.052688154989280554,54.2,2.658320271650252,83.8,2.6583202716502505,10
breast_cancer,3,confidence,0.1,0.971345029239766,0.01417785305728518,0.9339181286549707,0.0153613164170336,0.02276741531684626,0.011157370167091644,18.0,0.0,0.6833333333333333,0.09816561689406347,0.25058479532163735,0.08985963635231808,0.605123658949746,0.09474836402061855,13.5,1.35400640077266,22.5,1.35400640077266,10
breast_cancer,3,confidence,0.2,0.971345029239766,0.01417785305728518,0.9339181286549707,0.0153613164170336,0.02276741531684626,0.011157370167091644,35.0,0.0,0.7914285714285715,0.06324555320336757,0.14248955722639928,0.05133880601621635,0.5425236087551355,0.08367121831999229,24.5,2.460803843372234,45.5,2.4608038433722337,10
breast_cancer,3,confidence,0.25,0.971345029239766,0.01417785305728518,0.9339181286549707,0.0153613164170336,0.02276741531684626,0.011157370167091644,43.0,0.0,0.8162790697674419,0.05077371439941953,0.11763905888752886,0.03840711369269339,0.5460166021133318,0.059591686908247975,30.3,2.1108186931983415,55.7,2.1108186931983415,10
breast_cancer,3,confidence,0.4,0.971345029239766,0.01417785305728518,0.9339181286549707,0.0153613164170336,0.02276741531684626,0.011157370167091644,69.0,0.0,0.872463768115942,0.03791578139197793,0.06145436053902868,0.026843560442298714,0.6482812673936791,0.052688154989280554,54.2,2.658320271650252,83.8,2.6583202716502505,10
breast_cancer,3,segment_crossing,0.1,0.971345029239766,0.01417785305728518,0.9339181286549707,0.0153613164170336,0.02276741531684626,0.011157370167091644,18.0,0.0,0.6944444444444444,0.07965115988002432,0.23947368421052623,0.06778540474808506,0.605123658949746,0.09474836402061855,13.5,1.35400640077266,22.5,1.35400640077266,10
breast_cancer,3,segment_crossing,0.2,0.971345029239766,0.01417785305728518,0.9339181286549707,0.0153613164170336,0.02276741531684626,0.011157370167091644,35.0,0.0,0.7885714285714286,0.07401660658181125,0.1453467000835421,0.0609659046759808,0.5425236087551355,0.08367121831999229,24.5,2.460803843372234,45.5,2.4608038433722337,10
breast_cancer,3,segment_crossing,0.25,0.971345029239766,0.01417785305728518,0.9339181286549707,0.0153613164170336,0.02276741531684626,0.011157370167091644,43.0,0.0,0.8162790697674419,0.06245002809650485,0.11763905888752886,0.0490332190636203,0.5460166021133318,0.059591686908247975,30.3,2.1108186931983415,55.7,2.1108186931983415,10
breast_cancer,3,segment_crossing,0.4,0.971345029239766,0.01417785305728518,0.9339181286549707,0.0153613164170336,0.02276741531684626,0.011157370167091644,69.0,0.0,0.8666666666666666,0.02962262747199207,0.06725146198830403,0.016650556790955826,0.6482812673936791,0.052688154989280554,54.2,2.658320271650252,83.8,2.6583202716502505,10
breast_cancer,5,confidence,0.1,0.971345029239766,0.01417785305728518,0.9403508771929825,0.01865650855985249,0.019863684421700938,0.018118075437541847,18.0,0.0,0.6888888888888889,0.13658584381174646,0.2514619883040935,0.12557601098172638,0.605123658949746,0.09474836402061855,13.5,1.35400640077266,22.5,1.35400640077266,10
breast_cancer,5,confidence,0.2,0.971345029239766,0.01417785305728518,0.9403508771929825,0.01865650855985249,0.019863684421700938,0.018118075437541847,35.0,0.0,0.7971428571428572,0.06522245206957686,0.14320802005012526,0.05175622407019819,0.5425236087551355,0.08367121831999229,24.5,2.460803843372234,45.5,2.4608038433722337,10
breast_cancer,5,confidence,0.25,0.971345029239766,0.01417785305728518,0.9403508771929825,0.01865650855985249,0.019863684421700938,0.018118075437541847,43.0,0.0,0.8209302325581396,0.05147893865390382,0.11942064463484288,0.03630157467325062,0.5460166021133318,0.059591686908247975,30.3,2.1108186931983415,55.7,2.1108186931983415,10
breast_cancer,5,confidence,0.4,0.971345029239766,0.01417785305728518,0.9403508771929825,0.01865650855985249,0.019863684421700938,0.018118075437541847,69.0,0.0,0.8753623188405797,0.036917822559503,0.0649885583524027,0.020833784110473198,0.6482812673936791,0.052688154989280554,54.2,2.658320271650252,83.8,2.6583202716502505,10
breast_cancer,5,segment_crossing,0.1,0.971345029239766,0.01417785305728518,0.9403508771929825,0.01865650855985249,0.019863684421700938,0.018118075437541847,18.0,0.0,0.7055555555555555,0.11126532507999852,0.23479532163742683,0.09905191045074961,0.605123658949746,0.09474836402061855,13.5,1.35400640077266,22.5,1.35400640077266,10
breast_cancer,5,segment_crossing,0.2,0.971345029239766,0.01417785305728518,0.9403508771929825,0.01865650855985249,0.019863684421700938,0.018118075437541847,35.0,0.0,0.8114285714285714,0.07024414824604105,0.12892230576441097,0.05600178272787849,0.5425236087551355,0.08367121831999229,24.5,2.460803843372234,45.5,2.4608038433722337,10
breast_cancer,5,segment_crossing,0.25,0.971345029239766,0.01417785305728518,0.9403508771929825,0.01865650855985249,0.019863684421700938,0.018118075437541847,43.0,0.0,0.8395348837209301,0.05847448733533674,0.1008159934720522,0.04515123142552648,0.5460166021133318,0.059591686908247975,30.3,2.1108186931983415,55.7,2.1108186931983415,10
breast_cancer,5,segment_crossing,0.4,0.971345029239766,0.01417785305728518,0.9403508771929825,0.01865650855985249,0.019863684421700938,0.018118075437541847,69.0,0.0,0.8840579710144928,0.032044683964786456,0.05629290617848963,0.016239513570199936,0.6482812673936791,0.052688154989280554,54.2,2.658320271650252,83.8,2.6583202716502505,10
breast_cancer,7,confidence,0.1,0.971345029239766,0.01417785305728518,0.9409356725146198,0.01545994546502798,0.012754476122483729,0.0068109416527676525,18.0,0.0,0.6888888888888889,0.11172668984443228,0.2520467836257309,0.10295276932016742,0.605123658949746,0.09474836402061855,13.5,1.35400640077266,22.5,1.35400640077266,10
breast_cancer,7,confidence,0.2,0.971345029239766,0.01417785305728518,0.9409356725146198,0.01545994546502798,0.012754476122483729,0.0068109416527676525,35.0,0.0,0.7857142857142858,0.05259695722470124,0.15522138680033407,0.038751650604618736,0.5425236087551355,0.08367121831999229,24.5,2.460803843372234,45.5,2.4608038433722337,10
breast_cancer,7,confidence,0.25,0.971345029239766,0.01417785305728518,0.9409356725146198,0.01545994546502798,0.012754476122483729,0.0068109416527676525,43.0,0.0,0.8116279069767443,0.04957605257463402,0.12930776553787562,0.03576847801807279,0.5460166021133318,0.059591686908247975,30.3,2.1108186931983415,55.7,2.1108186931983415,10
breast_cancer,7,confidence,0.4,0.971345029239766,0.01417785305728518,0.9409356725146198,0.01545994546502798,0.012754476122483729,0.0068109416527676525,69.0,0.0,0.8710144927536232,0.03579446097167672,0.06992117976099663,0.021965896782524984,0.6482812673936791,0.052688154989280554,54.2,2.658320271650252,83.8,2.6583202716502505,10
breast_cancer,7,segment_crossing,0.1,0.971345029239766,0.01417785305728518,0.9409356725146198,0.01545994546502798,0.012754476122483729,0.0068109416527676525,18.0,0.0,0.6888888888888889,0.095149870953075,0.2520467836257309,0.0838183960888499,0.605123658949746,0.09474836402061855,13.5,1.35400640077266,22.5,1.35400640077266,10
breast_cancer,7,segment_crossing,0.2,0.971345029239766,0.01417785305728518,0.9409356725146198,0.01545994546502798,0.012754476122483729,0.0068109416527676525,35.0,0.0,0.8028571428571428,0.0609077217345504,0.1380785296574769,0.04768861204102085,0.5425236087551355,0.08367121831999229,24.5,2.460803843372234,45.5,2.4608038433722337,10
breast_cancer,7,segment_crossing,0.25,0.971345029239766,0.01417785305728518,0.9409356725146198,0.01545994546502798,0.012754476122483729,0.0068109416527676525,43.0,0.0,0.8348837209302324,0.051943769202328516,0.10605195158438725,0.03898402480236301,0.5460166021133318,0.059591686908247975,30.3,2.1108186931983415,55.7,2.1108186931983415,10
breast_cancer,7,segment_crossing,0.4,0.971345029239766,0.01417785305728518,0.9409356725146198,0.01545994546502798,0.012754476122483729,0.0068109416527676525,69.0,0.0,0.881159420289855,0.029622627471992083,0.05977625222476474,0.017075751985048956,0.6482812673936791,0.052688154989280554,54.2,2.658320271650252,83.8,2.6583202716502505,10
breast_cancer,10,confidence,0.1,0.971345029239766,0.01417785305728518,0.9415204678362572,0.015348943224194613,0.013048048296745149,0.006660704601090823,18.0,0.0,0.7,0.11475506210984938,0.24152046783625725,0.1063513173052707,0.605123658949746,0.09474836402061855,13.5,1.35400640077266,22.5,1.35400640077266,10
breast_cancer,10,confidence,0.2,0.971345029239766,0.01417785305728518,0.9415204678362572,0.015348943224194613,0.013048048296745149,0.006660704601090823,35.0,0.0,0.7885714285714286,0.05251066191272463,0.15294903926482864,0.03882995242028258,0.5425236087551355,0.08367121831999229,24.5,2.460803843372234,45.5,2.4608038433722337,10
breast_cancer,10,confidence,0.25,0.971345029239766,0.01417785305728518,0.9415204678362572,0.015348943224194613,0.013048048296745149,0.006660704601090823,43.0,0.0,0.8162790697674419,0.04708943425887575,0.12524139806881537,0.03306078881142269,0.5460166021133318,0.059591686908247975,30.3,2.1108186931983415,55.7,2.1108186931983415,10
breast_cancer,10,confidence,0.4,0.971345029239766,0.01417785305728518,0.9415204678362572,0.015348943224194613,0.013048048296745149,0.006660704601090823,69.0,0.0,0.8739130434782609,0.03419389056847614,0.06760742435799635,0.020164594122985546,0.6482812673936791,0.052688154989280554,54.2,2.658320271650252,83.8,2.6583202716502505,10
breast_cancer,10,segment_crossing,0.1,0.971345029239766,0.01417785305728518,0.9415204678362572,0.015348943224194613,0.013048048296745149,0.006660704601090823,18.0,0.0,0.6944444444444444,0.09532990871284258,0.24707602339181284,0.08417408152960588,0.605123658949746,0.09474836402061855,13.5,1.35400640077266,22.5,1.35400640077266,10
breast_cancer,10,segment_crossing,0.2,0.971345029239766,0.01417785305728518,0.9415204678362572,0.015348943224194613,0.013048048296745149,0.006660704601090823,35.0,0.0,0.8,0.06172133998483676,0.1415204678362572,0.04872648244554926,0.5425236087551355,0.08367121831999229,24.5,2.460803843372234,45.5,2.4608038433722337,10
breast_cancer,10,segment_crossing,0.25,0.971345029239766,0.01417785305728518,0.9415204678362572,0.015348943224194613,0.013048048296745149,0.006660704601090823,43.0,0.0,0.8325581395348838,0.05348275445165994,0.10896232830137353,0.04130113777249587,0.5460166021133318,0.059591686908247975,30.3,2.1108186931983415,55.7,2.1108186931983415,10
breast_cancer,10,segment_crossing,0.4,0.971345029239766,0.01417785305728518,0.9415204678362572,0.015348943224194613,0.013048048296745149,0.006660704601090823,69.0,0.0,0.881159420289855,0.029622627471992083,0.06036104754640217,0.017946103427729124,0.6482812673936791,0.052688154989280554,54.2,2.658320271650252,83.8,2.6583202716502505,10
diabetes,1,confidence,0.1,0.7090225563909774,0.030705590267251698,0.7248120300751879,0.040443393992870794,0.14665568718404215,0.041176207996912254,14.0,0.0,0.47857142857142854,0.10129546374372693,0.24624060150375934,0.08063498381951856,0.4444932295087094,0.11812545640080437,8.5,1.5811388300841898,19.5,1.5811388300841898,10
diabetes,1,confidence,0.2,0.7090225563909774,0.030705590267251698,0.7248120300751879,0.040443393992870794,0.14665568718404215,0.041176207996912254,27.0,0.0,0.5074074074074073,0.10037272407001409,0.21740462266778054,0.09107362175350972,0.49531573867100176,0.08003458420254424,17.8,1.8135294011647256,36.2,1.8135294011647278,10
diabetes,1,confidence,0.25,0.7090225563909774,0.030705590267251698,0.7248120300751879,0.040443393992870794,0.14665568718404215,0.041176207996912254,34.0,0.0,0.55,0.0990632790515226,0.17481203007518792,0.09425478636726221,0.5275197712295251,0.07044182704570437,23.4,2.0110804171997807,44.6,2.01108041719978,10
diabetes,1,confidence,0.4,0.7090225563909774,0.030705590267251698,0.7248120300751879,0.040443393992870794,0.14665568718404215,0.041176207996912254,54.0,0.0,0.5685185185185185,0.06876554292164752,0.15629351155666937,0.05173137426139497,0.568107443366176,0.07093170283666486,39.0,3.1269438398822866,69.0,3.1269438398822875,10
diabetes,1,segment_crossing,0.1,0.7090225563909774,0.030705590267251698,0.7248120300751879,0.040443393992870794,0.14665568718404215,0.041176207996912254,14.0,0.0,0.5785714285714285,0.14849967742393028,0.1462406015037594,0.13985153294122174,0.4444932295087094,0.11812545640080437,8.5,1.5811388300841898,19.5,1.5811388300841898,10
diabetes,1,segment_crossing,0.2,0.7090225563909774,0.030705590267251698,0.7248120300751879,0.040443393992870794,0.14665568718404215,0.041176207996912254,27.0,0.0,0.548148148148148,0.1350145492789365,0.1766638819270398,0.1283487537928906,0.49531573867100176,0.08003458420254424,17.8,1.8135294011647256,36.2,1.8135294011647278,10
diabetes,1,segment_crossing,0.25,0.7090225563909774,0.030705590267251698,0.7248120300751879,0.040443393992870794,0.14665568718404215,0.041176207996912254,34.0,0.0,0.5647058823529412,0.11331908452392074,0.16010614772224674,0.10143936662821837,0.5275197712295251,0.07044182704570437,23.4,2.0110804171997807,44.6,2.01108041719978,10
diabetes,1,segment_crossing,0.4,0.7090225563909774,0.030705590267251698,0.7248120300751879,0.040443393992870794,0.14665568718404215,0.041176207996912254,54.0,0.0,0.611111111111111,0.07808092988070073,0.11370091896407682,0.06649476466529525,0.568107443366176,0.07093170283666486,39.0,3.1269438398822866,69.0,3.1269438398822875,10
diabetes,2,confidence,0.1,0.7090225563909774,0.030705590267251698,0.7503759398496241,0.041151630579997565,0.12742473270256974,0.030688445570986107,14.0,0.0,0.47857142857142854,0.08940468264532665,0.27180451127819544,0.0697500983826946,0.4444932295087094,0.11812545640080437,8.5,1.5811388300841898,19.5,1.5811388300841898,10
diabetes,2,confidence,0.2,0.7090225563909774,0.030705590267251698,0.7503759398496241,0.041151630579997565,0.12742473270256974,0.030688445570986107,27.0,0.0,0.5333333333333333,0.07240927554871694,0.2170426065162907,0.06108203630258283,0.49531573867100176,0.08003458420254424,17.8,1.8135294011647256,36.2,1.8135294011647278,10
diabetes,2,confidence,0.25,0.7090225563909774,0.030705590267251698,0.7503759398496241,0.041151630579997565,0.12742473270256974,0.030688445570986107,34.0,0.0,0.5647058823529412,0.0841082768216754,0.1856700574966828,0.06576610208473549,0.5275197712295251,0.07044182704570437,23.4,2.0110804171997807,44.6,2.01108041719978,10
diabetes,2,confidence,0.4,0.7090225563909774,0.030705590267251698,0.7503759398496241,0.041151630579997565,0.12742473270256974,0.030688445570986107,54.0,0.0,0.5907407407407408,0.07169534522584996,0.15963519910888324,0.04688960252892023,0.568107443366176,0.07093170283666486,39.0,3.1269438398822866,69.0,3.1269438398822875,10
diabetes,2,segment_crossing,0.1,0.7090225563909774,0.030705590267251698,0.7503759398496241,0.041151630579997565,0.12742473270256974,0.030688445570986107,14.0,0.0,0.5357142857142857,0.12710807442894423,0.21466165413533833,0.12672698814503577,0.4444932295087094,0.11812545640080437,8.5,1.5811388300841898,19.5,1.5811388300841898,10
diabetes,2,segment_crossing,0.2,0.7090225563909774,0.030705590267251698,0.7503759398496241,0.041151630579997565,0.12742473270256974,0.030688445570986107,27.0,0.0,0.5740740740740741,0.08945294287771262,0.1763018657755499,0.08350107283651981,0.49531573867100176,0.08003458420254424,17.8,1.8135294011647256,36.2,1.8135294011647278,10
diabetes,2,segment_crossing,0.25,0.7090225563909774,0.030705590267251698,0.7503759398496241,0.041151630579997565,0.12742473270256974,0.030688445570986107,34.0,0.0,0.5911764705882353,0.08926415403992188,0.15919946926138873,0.07024272815568124,0.5275197712295251,0.07044182704570437,23.4,2.0110804171997807,44.6,2.01108041719978,10
diabetes,2,segment_crossing,0.4,0.7090225563909774,0.030705590267251698,0.7503759398496241,0.041151630579997565,0.12742473270256974,0.030688445570986107,54.0,0.0,0.6296296296296297,0.05589743912430502,0.12074631021999435,0.04966308984481852,0.568107443366176,0.07093170283666486,39.0,3.1269438398822866,69.0,3.1269438398822875,10
diabetes,3,confidence,0.1,0.7090225563909774,0.030705590267251698,0.7413533834586465,0.047048421173964156,0.14037532364165936,0.04026638290355523,14.0,0.0,0.47857142857142854,0.11193008831945866,0.262781954887218,0.09815238402931244,0.4444932295087094,0.11812545640080437,8.5,1.5811388300841898,19.5,1.5811388300841898,10
diabetes,3,confidence,0.2,0.7090225563909774,0.030705590267251698,0.7413533834586465,0.047048421173964156,0.14037532364165936,0.04026638290355523,27.0,0.0,0.5148148148148148,0.09312603538590673,0.22653856864383176,0.08224717474740051,0.49531573867100176,0.08003458420254424,17.8,1.8135294011647256,36.2,1.8135294011647278,10
diabetes,3,confidence,0.25,0.7090225563909774,0.030705590267251698,0.7413533834586465,0.047048421173964156,0.14037532364165936,0.04026638290355523,34.0,0.0,0.5529411764705883,0.09070614514682653,0.18841220698805833,0.07526294706729318,0.5275197712295251,0.07044182704570437,23.4,2.0110804171997807,44.6,2.01108041719978,10
diabetes,3,confidence,0.4,0.7090225563909774,0.030705590267251698,0.7413533834586465,0.047048421173964156,0.14037532364165936,0.04026638290355523,54.0,0.0,0.5722222222222222,0.06730942999276045,0.16913116123642435,0.03746467039295447,0.568107443366176,0.07093170283666486,39.0,3.1269438398822866,69.0,3.1269438398822875,10
diabetes,3,segment_crossing,0.1,0.7090225563909774,0.030705590267251698,0.7413533834586465,0.047048421173964156,0.14037532364165936,0.04026638290355523,14.0,0.0,0.5357142857142857,0.16919845718514168,0.20563909774436082,0.16182452988498697,0.4444932295087094,0.11812545640080437,8.5,1.5811388300841898,19.5,1.5811388300841898,10
diabetes,3,segment_crossing,0.2,0.7090225563909774,0.030705590267251698,0.7413533834586465,0.047048421173964156,0.14037532364165936,0.04026638290355523,27.0,0.0,0.5703703703703703,0.09271596718774612,0.17098301308827618,0.08548228405335957,0.49531573867100176,0.08003458420254424,17.8,1.8135294011647256,36.2,1.8135294011647278,10
diabetes,3,segment_crossing,0.25,0.7090225563909774,0.030705590267251698,0.7413533834586465,0.047048421173964156,0.14037532364165936,0.04026638290355523,34.0,0.0,0.6029411764705882,0.08347738414669806,0.1384122069880583,0.06532825727526798,0.5275197712295251,0.07044182704570437,23.4,2.0110804171997807,44.6,2.01108041719978,10
diabetes,3,segment_crossing,0.4,0.7090225563909774,0.030705590267251698,0.7413533834586465,0.047048421173964156,0.14037532364165936,0.04026638290355523,54.0,0.0,0.6425925925925926,0.05660867416350807,0.09876079086605397,0.04390773196754772,0.568107443366176,0.07093170283666486,39.0,3.1269438398822866,69.0,3.1269438398822875,10
diabetes,5,confidence,0.1,0.7090225563909774,0.030705590267251698,0.7360902255639098,0.02845467063555884,0.14911602572543203,0.03552015435741181,14.0,0.0,0.5071428571428571,0.09190599555056568,0.22894736842105262,0.09299309533873885,0.4444932295087094,0.11812545640080437,8.5,1.5811388300841898,19.5,1.5811388300841898,10
diabetes,5,confidence,0.2,0.7090225563909774,0.030705590267251698,0.7360902255639098,0.02845467063555884,0.14911602572543203,0.03552015435741181,27.0,0.0,0.5444444444444444,0.072092846027933,0.1916457811194653,0.07310880609902266,0.49531573867100176,0.08003458420254424,17.8,1.8135294011647256,36.2,1.8135294011647278,10
diabetes,5,confidence,0.25,0.7090225563909774,0.030705590267251698,0.7360902255639098,0.02845467063555884,0.14911602572543203,0.03552015435741181,34.0,0.0,0.55,0.07343130710225103,0.18609022556390972,0.06778544512519179,0.5275197712295251,0.07044182704570437,23.4,2.0110804171997807,44.6,2.01108041719978,10
diabetes,5,confidence,0.4,0.7090225563909774,0.030705590267251698,0.7360902255639098,0.02845467063555884,0.14911602572543203,0.03552015435741181,54.0,0.0,0.5703703703703704,0.03785113510310097,0.16571985519353932,0.0317947002419854,0.568107443366176,0.07093170283666486,39.0,3.1269438398822866,69.0,3.1269438398822875,10
diabetes,5,segment_crossing,0.1,0.7090225563909774,0.030705590267251698,0.7360902255639098,0.02845467063555884,0.14911602572543203,0.03552015435741181,14.0,0.0,0.5285714285714286,0.1436486012285558,0.20751879699248116,0.15069723403692492,0.4444932295087094,0.11812545640080437,8.5,1.5811388300841898,19.5,1.5811388300841898,10
diabetes,5,segment_crossing,0.2,0.7090225563909774,0.030705590267251698,0.7360902255639098,0.02845467063555884,0.14911602572543203,0.03552015435741181,27.0,0.0,0.5777777777777777,0.091057229207831,0.15831244778613196,0.0948792617355108,0.49531573867100176,0.08003458420254424,17.8,1.8135294011647256,36.2,1.8135294011647278,10
diabetes,5,segment_crossing,0.25,0.7090225563909774,0.030705590267251698,0.7360902255639098,0.02845467063555884,0.14911602572543203,0.03552015435741181,34.0,0.0,0.5970588235294118,0.0797077514673641,0.13903140203449796,0.07467055870729526,0.5275197712295251,0.07044182704570437,23.4,2.0110804171997807,44.6,2.01108041719978,10
diabetes,5,segment_crossing,0.4,0.7090225563909774,0.030705590267251698,0.7360902255639098,0.02845467063555884,0.14911602572543203,0.03552015435741181,54.0,0.0,0.6407407407407407,0.05534941178138248,0.09534948482316898,0.05235231498166613,0.568107443366176,0.07093170283666486,39.0,3.1269438398822866,69.0,3.1269438398822875,10
diabetes,7,confidence,0.1,0.7090225563909774,0.030705590267251698,0.7428571428571429,0.02526236224231409,0.15000200701600938,0.02673984941799877,14.0,0.0,0.5142857142857142,0.1420612751445362,0.22857142857142856,0.13470799085422666,0.4444932295087094,0.11812545640080437,8.5,1.5811388300841898,19.5,1.5811388300841898,10
diabetes,7,confidence,0.2,0.7090225563909774,0.030705590267251698,0.7428571428571429,0.02526236224231409,0.15000200701600938,0.02673984941799877,27.0,0.0,0.5333333333333333,0.07448445989628819,0.2095238095238095,0.06820132522318047,0.49531573867100176,0.08003458420254424,17.8,1.8135294011647256,36.2,1.8135294011647278,10
diabetes,7,confidence,0.25,0.7090225563909774,0.030705590267251698,0.7428571428571429,0.02526236224231409,0.15000200701600938,0.02673984941799877,34.0,0.0,0.5441176470588236,0.065400314039835,0.1987394957983193,0.055651746194118334,0.5275197712295251,0.07044182704570437,23.4,2.0110804171997807,44.6,2.01108041719978,10
diabetes,7,confidence,0.4,0.7090225563909774,0.030705590267251698,0.7428571428571429,0.02526236224231409,0.15000200701600938,0.02673984941799877,54.0,0.0,0.5814814814814815,0.048761525081806166,0.16137566137566134,0.039202896793435776,0.568107443366176,0.07093170283666486,39.0,3.1269438398822866,69.0,3.1269438398822875,10
diabetes,7,segment_crossing,0.1,0.7090225563909774,0.030705590267251698,0.7428571428571429,0.02526236224231409,0.15000200701600938,0.02673984941799877,14.0,0.0,0.5357142857142857,0.15521910488577736,0.20714285714285713,0.1522486770895056,0.4444932295087094,0.11812545640080437,8.5,1.5811388300841898,19.5,1.5811388300841898,10
diabetes,7,segment_crossing,0.2,0.7090225563909774,0.030705590267251698,0.7428571428571429,0.02526236224231409,0.15000200701600938,0.02673984941799877,27.0,0.0,0.5592592592592592,0.08272526206296772,0.18359788359788357,0.0895892138276355,0.49531573867100176,0.08003458420254424,17.8,1.8135294011647256,36.2,1.8135294011647278,10
diabetes,7,segment_crossing,0.25,0.7090225563909774,0.030705590267251698,0.7428571428571429,0.02526236224231409,0.15000200701600938,0.02673984941799877,34.0,0.0,0.5911764705882353,0.05449781219485215,0.15168067226890747,0.05747621423917703,0.5275197712295251,0.07044182704570437,23.4,2.0110804171997807,44.6,2.01108041719978,10
diabetes,7,segment_crossing,0.4,0.7090225563909774,0.030705590267251698,0.7428571428571429,0.02526236224231409,0.15000200701600938,0.02673984941799877,54.0,0.0,0.6296296296296297,0.04536092116265146,0.11322751322751315,0.05040924873214475,0.568107443366176,0.07093170283666486,39.0,3.1269438398822866,69.0,3.1269438398822875,10
diabetes,10,confidence,0.1,0.7090225563909774,0.030705590267251698,0.7240601503759398,0.035805406336825836,0.16629914752713998,0.03281790626701474,14.0,0.0,0.5142857142857142,0.12046772038736683,0.20977443609022553,0.10418049260949856,0.4444932295087094,0.11812545640080437,8.5,1.5811388300841898,19.5,1.5811388300841898,10
diabetes,10,confidence,0.2,0.7090225563909774,0.030705590267251698,0.7240601503759398,0.035805406336825836,0.16629914752713998,0.03281790626701474,27.0,0.0,0.5185185185185185,0.06983770678385658,0.2055416318574213,0.05308149262746163,0.49531573867100176,0.08003458420254424,17.8,1.8135294011647256,36.2,1.8135294011647278,10
diabetes,10,confidence,0.25,0.7090225563909774,0.030705590267251698,0.7240601503759398,0.035805406336825836,0.16629914752713998,0.03281790626701474,34.0,0.0,0.5264705882352941,0.059554284503872346,0.19758956214064566,0.04647907196085779,0.5275197712295251,0.07044182704570437,23.4,2.0110804171997807,44.6,2.01108041719978,10
diabetes,10,confidence,0.4,0.7090225563909774,0.030705590267251698,0.7240601503759398,0.035805406336825836,0.16629914752713998,0.03281790626701474,54.0,0.0,0.5611111111111111,0.07254071380455603,0.16294903926482868,0.05110294608030477,0.568107443366176,0.07093170283666486,39.0,3.1269438398822866,69.0,3.1269438398822875,10
diabetes,10,segment_crossing,0.1,0.7090225563909774,0.030705590267251698,0.7240601503759398,0.035805406336825836,0.16629914752713998,0.03281790626701474,14.0,0.0,0.5214285714285715,0.13489729023062186,0.20263157894736836,0.13866751410512052,0.4444932295087094,0.11812545640080437,8.5,1.5811388300841898,19.5,1.5811388300841898,10
diabetes,10,segment_crossing,0.2,0.7090225563909774,0.030705590267251698,0.7240601503759398,0.035805406336825836,0.16629914752713998,0.03281790626701474,27.0,0.0,0.562962962962963,0.04876152508180621,0.16109718741297685,0.06181107925426991,0.49531573867100176,0.08003458420254424,17.8,1.8135294011647256,36.2,1.8135294011647278,10
diabetes,10,segment_crossing,0.25,0.7090225563909774,0.030705590267251698,0.7240601503759398,0.035805406336825836,0.16629914752713998,0.03281790626701474,34.0,0.0,0.5882352941176471,0.06932419423397529,0.13582485625829271,0.06304557936128348,0.5275197712295251,0.07044182704570437,23.4,2.0110804171997807,44.6,2.01108041719978,10
diabetes,10,segment_crossing,0.4,0.7090225563909774,0.030705590267251698,0.7240601503759398,0.035805406336825836,0.16629914752713998,0.03281790626701474,54.0,0.0,0.6203703703703705,0.05936846932614609,0.10368978000556943,0.047148941985911935,0.568107443366176,0.07093170283666486,39.0,3.1269438398822866,69.0,3.1269438398822875,10
iris,1,confidence,0.1,0.9955555555555555,0.009369711585684143,0.9955555555555555,0.009369711585684143,4.9382716049379996e-05,0.00010410790650759522,5.0,0.0,0.96,0.08432740427115676,0.03555555555555554,0.07495769268547266,0.6107142857142857,0.20187846115012284,3.7,0.8232726023485646,6.3,0.8232726023485646,10
iris,1,confidence,0.2,0.9955555555555555,0.009369711585684143,0.9955555555555555,0.009369711585684143,4.9382716049379996e-05,0.00010410790650759522,9.0,0.0,0.9777777777777779,0.04684855792842045,0.01777777777777778,0.037478846342736356,0.6393706293706294,0.18404619291022942,6.9,1.1972189997378646,11.1,1.1972189997378648,10
iris,1,confidence,0.25,0.9955555555555555,0.009369711585684143,0.9955555555555555,0.009369711585684143,4.9382716049379996e-05,0.00010410790650759522,12.0,0.0,0.9833333333333334,0.035136418446315335,0.012222222222222221,0.025766706860631233,0.6456173238526179,0.21155352788155313,9.2,1.8737959096740264,14.8,1.8737959096740264,10
iris,1,confidence,0.4,0.9955555555555555,0.009369711585684143,0.9955555555555555,0.009369711585684143,4.9382716049379996e-05,0.00010410790650759522,18.0,0.0,0.9888888888888889,0.023424278964210232,0.006666666666666659,0.014054567378526117,0.6283621595795509,0.15722896266243952,13.7,2.2135943621178655,22.3,2.213594362117865,10
iris,1,segment_crossing,0.1,0.9955555555555555,0.009369711585684143,0.9955555555555555,0.009369711585684143,4.9382716049379996e-05,0.00010410790650759522,5.0,0.0,0.96,0.08432740427115676,0.03555555555555554,0.07495769268547266,0.6107142857142857,0.20187846115012284,3.7,0.8232726023485646,6.3,0.8232726023485646,10
iris,1,segment_crossing,0.2,0.9955555555555555,0.009369711585684143,0.9955555555555555,0.009369711585684143,4.9382716049379996e-05,0.00010410790650759522,9.0,0.0,0.9777777777777779,0.04684855792842045,0.01777777777777778,0.037478846342736356,0.6393706293706294,0.18404619291022942,6.9,1.1972189997378646,11.1,1.1972189997378648,10
iris,1,segment_crossing,0.25,0.9955555555555555,0.009369711585684143,0.9955555555555555,0.009369711585684143,4.9382716049379996e-05,0.00010410790650759522,12.0,0.0,0.9833333333333334,0.035136418446315335,0.012222222222222221,0.025766706860631233,0.6456173238526179,0.21155352788155313,9.2,1.8737959096740264,14.8,1.8737959096740264,10
iris,1,segment_crossing,0.4,0.9955555555555555,0.009369711585684143,0.9955555555555555,0.009369711585684143,4.9382716049379996e-05,0.00010410790650759522,18.0,0.0,0.9888888888888889,0.023424278964210232,0.006666666666666659,0.014054567378526117,0.6283621595795509,0.15722896266243952,13.7,2.2135943621178655,22.3,2.213594362117865,10
iris,2,confidence,0.1,0.9955555555555555,0.009369711585684143,0.9955555555555555,0.009369711585684143,4.9382716049379996e-05,0.00010410790650759522,5.0,0.0,0.96,0.08432740427115676,0.03555555555555554,0.07495769268547266,0.6107142857142857,0.20187846115012284,3.7,0.8232726023485646,6.3,0.8232726023485646,10
iris,2,confidence,0.2,0.9955555555555555,0.009369711585684143,0.9955555555555555,0.009369711585684143,4.9382716049379996e-05,0.00010410790650759522,9.0,0.0,0.9777777777777779,0.04684855792842045,0.01777777777777778,0.037478846342736356,0.6393706293706294,0.18404619291022942,6.9,1.1972189997378646,11.1,1.1972189997378648,10
iris,2,confidence,0.25,0.9955555555555555,0.009369711585684143,0.9955555555555555,0.009369711585684143,4.9382716049379996e-05,0.00010410790650759522,12.0,0.0,0.9833333333333334,0.035136418446315335,0.012222222222222221,0.025766706860631233,0.6456173238526179,0.21155352788155313,9.2,1.8737959096740264,14.8,1.8737959096740264,10
iris,2,confidence,0.4,0.9955555555555555,0.009369711585684143,0.9955555555555555,0.009369711585684143,4.9382716049379996e-05,0.00010410790650759522,18.0,0.0,0.9888888888888889,0.023424278964210232,0.006666666666666659,0.014054567378526117,0.6283621595795509,0.15722896266243952,13.7,2.2135943621178655,22.3,2.213594362117865,10
iris,2,segment_crossing,0.1,0.9955555555555555,0.009369711585684143,0.9955555555555555,0.009369711585684143,4.9382716049379996e-05,0.00010410790650759522,5.0,0.0,0.96,0.08432740427115676,0.03555555555555554,0.07495769268547266,0.6107142857142857,0.20187846115012284,3.7,0.8232726023485646,6.3,0.8232726023485646,10
iris,2,segment_crossing,0.2,0.9955555555555555,0.009369711585684143,0.9955555555555555,0.009369711585684143,4.9382716049379996e-05,0.00010410790650759522,9.0,0.0,0.9777777777777779,0.04684855792842045,0.01777777777777778,0.037478846342736356,0.6393706293706294,0.18404619291022942,6.9,1.1972189997378646,11.1,1.1972189997378648,10
iris,2,segment_crossing,0.25,0.9955555555555555,0.009369711585684143,0.9955555555555555,0.009369711585684143,4.9382716049379996e-05,0.00010410790650759522,12.0,0.0,0.9833333333333334,0.035136418446315335,0.012222222222222221,0.025766706860631233,0.6456173238526179,0.21155352788155313,9.2,1.8737959096740264,14.8,1.8737959096740264,10
iris,2,segment_crossing,0.4,0.9955555555555555,0.009369711585684143,0.9955555555555555,0.009369711585684143,4.9382716049379996e-05,0.00010410790650759522,18.0,0.0,0.9888888888888889,0.023424278964210232,0.006666666666666659,0.014054567378526117,0.6283621595795509,0.15722896266243952,13.7,2.2135943621178655,22.3,2.213594362117865,10
iris,3,confidence,0.1,0.9955555555555555,0.009369711585684143,0.9955555555555555,0.009369711585684143,4.9382716049379996e-05,0.00010410790650759522,5.0,0.0,0.96,0.08432740427115676,0.03555555555555554,0.07495769268547266,0.6107142857142857,0.20187846115012284,3.7,0.8232726023485646,6.3,0.8232726023485646,10
iris,3,confidence,0.2,0.9955555555555555,0.009369711585684143,0.9955555555555555,0.009369711585684143,4.9382716049379996e-05,0.00010410790650759522,9.0,0.0,0.9777777777777779,0.04684855792842045,0.01777777777777778,0.037478846342736356,0.6393706293706294,0.18404619291022942,6.9,1.1972189997378646,11.1,1.1972189997378648,10
iris,3,confidence,0.25,0.9955555555555555,0.009369711585684143,0.9955555555555555,0.009369711585684143,4.9382716049379996e-05,0.00010410790650759522,12.0,0.0,0.9833333333333334,0.035136418446315335,0.012222222222222221,0.025766706860631233,0.6456173238526179,0.21155352788155313,9.2,1.8737959096740264,14.8,1.8737959096740264,10
iris,3,confidence,0.4,0.9955555555555555,0.009369711585684143,0.9955555555555555,0.009369711585684143,4.9382716049379996e-05,0.00010410790650759522,18.0,0.0,0.9888888888888889,0.023424278964210232,0.006666666666666659,0.014054567378526117,0.6283621595795509,0.15722896266243952,13.7,2.2135943621178655,22.3,2.213594362117865,10
iris,3,segment_crossing,0.1,0.9955555555555555,0.009369711585684143,0.9955555555555555,0.009369711585684143,4.9382716049379996e-05,0.00010410790650759522,5.0,0.0,0.96,0.08432740427115676,0.03555555555555554,0.07495769268547266,0.6107142857142857,0.20187846115012284,3.7,0.8232726023485646,6.3,0.8232726023485646,10
iris,3,segment_crossing,0.2,0.9955555555555555,0.009369711585684143,0.9955555555555555,0.009369711585684143,4.9382716049379996e-05,0.00010410790650759522,9.0,0.0,0.9777777777777779,0.04684855792842045,0.01777777777777778,0.037478846342736356,0.6393706293706294,0.18404619291022942,6.9,1.1972189997378646,11.1,1.1972189997378648,10
iris,3,segment_crossing,0.25,0.9955555555555555,0.009369711585684143,0.9955555555555555,0.009369711585684143,4.9382716049379996e-05,0.00010410790650759522,12.0,0.0,0.9833333333333334,0.035136418446315335,0.012222222222222221,0.025766706860631233,0.6456173238526179,0.21155352788155313,9.2,1.8737959096740264,14.8,1.8737959096740264,10
iris,3,segment_crossing,0.4,0.9955555555555555,0.009369711585684143,0.9955555555555555,0.009369711585684143,4.9382716049379996e-05,0.00010410790650759522,18.0,0.0,0.9888888888888889,0.023424278964210232,0.006666666666666659,0.014054567378526117,0.6283621595795509,0.15722896266243952,13.7,2.2135943621178655,22.3,2.213594362117865,10
iris,5,confidence,0.1,0.9955555555555555,0.009369711585684143,0.9955555555555555,0.009369711585684143,4.9382716049379996e-05,0.00010410790650759522,5.0,0.0,0.96,0.08432740427115676,0.03555555555555554,0.07495769268547266,0.6107142857142857,0.20187846115012284,3.7,0.8232726023485646,6.3,0.8232726023485646,10
iris,5,confidence,0.2,0.9955555555555555,0.009369711585684143,0.9955555555555555,0.009369711585684143,4.9382716049379996e-05,0.00010410790650759522,9.0,0.0,0.9777777777777779,0.04684855792842045,0.01777777777777778,0.037478846342736356,0.6393706293706294,0.18404619291022942,6.9,1.1972189997378646,11.1,1.1972189997378648,10
iris,5,confidence,0.25,0.9955555555555555,0.009369711585684143,0.9955555555555555,0.009369711585684143,4.9382716049379996e-05,0.00010410790650759522,12.0,0.0,0.9833333333333334,0.035136418446315335,0.012222222222222221,0.025766706860631233,0.6456173238526179,0.21155352788155313,9.2,1.8737959096740264,14.8,1.8737959096740264,10
iris,5,confidence,0.4,0.9955555555555555,0.009369711585684143,0.9955555555555555,0.009369711585684143,4.9382716049379996e-05,0.00010410790650759522,18.0,0.0,0.9888888888888889,0.023424278964210232,0.006666666666666659,0.014054567378526117,0.6283621595795509,0.15722896266243952,13.7,2.2135943621178655,22.3,2.213594362117865,10
iris,5,segment_crossing,0.1,0.9955555555555555,0.009369711585684143,0.9955555555555555,0.009369711585684143,4.9382716049379996e-05,0.00010410790650759522,5.0,0.0,0.96,0.08432740427115676,0.03555555555555554,0.07495769268547266,0.6107142857142857,0.20187846115012284,3.7,0.8232726023485646,6.3,0.8232726023485646,10
iris,5,segment_crossing,0.2,0.9955555555555555,0.009369711585684143,0.9955555555555555,0.009369711585684143,4.9382716049379996e-05,0.00010410790650759522,9.0,0.0,0.9777777777777779,0.04684855792842045,0.01777777777777778,0.037478846342736356,0.6393706293706294,0.18404619291022942,6.9,1.1972189997378646,11.1,1.1972189997378648,10
iris,5,segment_crossing,0.25,0.9955555555555555,0.009369711585684143,0.9955555555555555,0.009369711585684143,4.9382716049379996e-05,0.00010410790650759522,12.0,0.0,0.9833333333333334,0.035136418446315335,0.012222222222222221,0.025766706860631233,0.6456173238526179,0.21155352788155313,9.2,1.8737959096740264,14.8,1.8737959096740264,10
iris,5,segment_crossing,0.4,0.9955555555555555,0.009369711585684143,0.9955555555555555,0.009369711585684143,4.9382716049379996e-05,0.00010410790650759522,18.0,0.0,0.9888888888888889,0.023424278964210232,0.006666666666666659,0.014054567378526117,0.6283621595795509,0.15722896266243952,13.7,2.2135943621178655,22.3,2.213594362117865,10
iris,7,confidence,0.1,0.9955555555555555,0.009369711585684143,0.9955555555555555,0.009369711585684143,4.9382716049379996e-05,0.00010410790650759522,5.0,0.0,0.96,0.08432740427115676,0.03555555555555554,0.07495769268547266,0.6107142857142857,0.20187846115012284,3.7,0.8232726023485646,6.3,0.8232726023485646,10
iris,7,confidence,0.2,0.9955555555555555,0.009369711585684143,0.9955555555555555,0.009369711585684143,4.9382716049379996e-05,0.00010410790650759522,9.0,0.0,0.9777777777777779,0.04684855792842045,0.01777777777777778,0.037478846342736356,0.6393706293706294,0.18404619291022942,6.9,1.1972189997378646,11.1,1.1972189997378648,10
iris,7,confidence,0.25,0.9955555555555555,0.009369711585684143,0.9955555555555555,0.009369711585684143,4.9382716049379996e-05,0.00010410790650759522,12.0,0.0,0.9833333333333334,0.035136418446315335,0.012222222222222221,0.025766706860631233,0.6456173238526179,0.21155352788155313,9.2,1.8737959096740264,14.8,1.8737959096740264,10
iris,7,confidence,0.4,0.9955555555555555,0.009369711585684143,0.9955555555555555,0.009369711585684143,4.9382716049379996e-05,0.00010410790650759522,18.0,0.0,0.9888888888888889,0.023424278964210232,0.006666666666666659,0.014054567378526117,0.6283621595795509,0.15722896266243952,13.7,2.2135943621178655,22.3,2.213594362117865,10
iris,7,segment_crossing,0.1,0.9955555555555555,0.009369711585684143,0.9955555555555555,0.009369711585684143,4.9382716049379996e-05,0.00010410790650759522,5.0,0.0,0.96,0.08432740427115676,0.03555555555555554,0.07495769268547266,0.6107142857142857,0.20187846115012284,3.7,0.8232726023485646,6.3,0.8232726023485646,10
iris,7,segment_crossing,0.2,0.9955555555555555,0.009369711585684143,0.9955555555555555,0.009369711585684143,4.9382716049379996e-05,0.00010410790650759522,9.0,0.0,0.9777777777777779,0.04684855792842045,0.01777777777777778,0.037478846342736356,0.6393706293706294,0.18404619291022942,6.9,1.1972189997378646,11.1,1.1972189997378648,10
iris,7,segment_crossing,0.25,0.9955555555555555,0.009369711585684143,0.9955555555555555,0.009369711585684143,4.9382716049379996e-05,0.00010410790650759522,12.0,0.0,0.9833333333333334,0.035136418446315335,0.012222222222222221,0.025766706860631233,0.6456173238526179,0.21155352788155313,9.2,1.8737959096740264,14.8,1.8737959096740264,10
iris,7,segment_crossing,0.4,0.9955555555555555,0.009369711585684143,0.9955555555555555,0.009369711585684143,4.9382716049379996e-05,0.00010410790650759522,18.0,0.0,0.9888888888888889,0.023424278964210232,0.006666666666666659,0.014054567378526117,0.6283621595795509,0.15722896266243952,13.7,2.2135943621178655,22.3,2.213594362117865,10
iris,10,confidence,0.1,0.9955555555555555,0.009369711585684143,0.9955555555555555,0.009369711585684143,4.9382716049379996e-05,0.00010410790650759522,5.0,0.0,0.96,0.08432740427115676,0.03555555555555554,0.07495769268547266,0.6107142857142857,0.20187846115012284,3.7,0.8232726023485646,6.3,0.8232726023485646,10
iris,10,confidence,0.2,0.9955555555555555,0.009369711585684143,0.9955555555555555,0.009369711585684143,4.9382716049379996e-05,0.00010410790650759522,9.0,0.0,0.9777777777777779,0.04684855792842045,0.01777777777777778,0.037478846342736356,0.6393706293706294,0.18404619291022942,6.9,1.1972189997378646,11.1,1.1972189997378648,10
iris,10,confidence,0.25,0.9955555555555555,0.009369711585684143,0.9955555555555555,0.009369711585684143,4.9382716049379996e-05,0.00010410790650759522,12.0,0.0,0.9833333333333334,0.035136418446315335,0.012222222222222221,0.025766706860631233,0.6456173238526179,0.21155352788155313,9.2,1.8737959096740264,14.8,1.8737959096740264,10
iris,10,confidence,0.4,0.9955555555555555,0.009369711585684143,0.9955555555555555,0.009369711585684143,4.9382716049379996e-05,0.00010410790650759522,18.0,0.0,0.9888888888888889,0.023424278964210232,0.006666666666666659,0.014054567378526117,0.6283621595795509,0.15722896266243952,13.7,2.2135943621178655,22.3,2.213594362117865,10
iris,10,segment_crossing,0.1,0.9955555555555555,0.009369711585684143,0.9955555555555555,0.009369711585684143,4.9382716049379996e-05,0.00010410790650759522,5.0,0.0,0.96,0.08432740427115676,0.03555555555555554,0.07495769268547266,0.6107142857142857,0.20187846115012284,3.7,0.8232726023485646,6.3,0.8232726023485646,10
iris,10,segment_crossing,0.2,0.9955555555555555,0.009369711585684143,0.9955555555555555,0.009369711585684143,4.9382716049379996e-05,0.00010410790650759522,9.0,0.0,0.9777777777777779,0.04684855792842045,0.01777777777777778,0.037478846342736356,0.6393706293706294,0.18404619291022942,6.9,1.1972189997378646,11.1,1.1972189997378648,10
iris,10,segment_crossing,0.25,0.9955555555555555,0.009369711585684143,0.9955555555555555,0.009369711585684143,4.9382716049379996e-05,0.00010410790650759522,12.0,0.0,0.9833333333333334,0.035136418446315335,0.012222222222222221,0.025766706860631233,0.6456173238526179,0.21155352788155313,9.2,1.8737959096740264,14.8,1.8737959096740264,10
iris,10,segment_crossing,0.4,0.9955555555555555,0.009369711585684143,0.9955555555555555,0.009369711585684143,4.9382716049379996e-05,0.00010410790650759522,18.0,0.0,0.9888888888888889,0.023424278964210232,0.006666666666666659,0.014054567378526117,0.6283621595795509,0.15722896266243952,13.7,2.2135943621178655,22.3,2.213594362117865,10
wine,1,confidence,0.1,0.9962962962962963,0.00780809298806999,0.9055555555555556,0.04573736679714248,0.05863145088596557,0.03903955858646403,6.0,0.0,0.75,0.21154925294066415,0.1555555555555555,0.1791612832955233,0.6785714285714286,0.1515228816828316,4.8,0.6324555320336759,7.2,0.6324555320336759,10
wine,1,confidence,0.2,0.9962962962962963,0.00780809298806999,0.9055555555555556,0.04573736679714248,0.05863145088596557,0.03903955858646403,11.0,0.0,0.8090909090909092,0.1512118175742382,0.09646464646464643,0.12356145446042541,0.6662637362637363,0.1553279080189484,8.7,1.1595018087284057,13.3,1.1595018087284057,10
wine,1,confidence,0.25,0.9962962962962963,0.00780809298806999,0.9055555555555556,0.04573736679714248,0.05863145088596557,0.03903955858646403,14.0,0.0,0.8357142857142857,0.10674529414980902,0.0698412698412698,0.07508754909886467,0.6284967320261439,0.1297769983070555,10.7,1.4944341180973264,17.3,1.494434118097326,10
wine,1,confidence,0.4,0.9962962962962963,0.00780809298806999,0.9055555555555556,0.04573736679714248,0.05863145088596557,0.03903955858646403,22.0,0.0,0.8545454545454547,0.08243315459839663,0.05101010101010097,0.054210322665892915,0.6047881212019143,0.09266210924751747,16.5,1.5811388300841898,27.5,1.5811388300841893,10
wine,1,segment_crossing,0.1,0.9962962962962963,0.00780809298806999,0.9055555555555556,0.04573736679714248,0.05863145088596557,0.03903955858646403,6.0,0.0,0.7833333333333333,0.23635608206869607,0.12222222222222223,0.20918549994730276,0.6785714285714286,0.1515228816828316,4.8,0.6324555320336759,7.2,0.6324555320336759,10
wine,1,segment_crossing,0.2,0.9962962962962963,0.00780809298806999,0.9055555555555556,0.04573736679714248,0.05863145088596557,0.03903955858646403,11.0,0.0,0.8363636363636363,0.1472116097150439,0.06919191919191917,0.12730323151803452,0.6662637362637363,0.1553279080189484,8.7,1.1595018087284057,13.3,1.1595018087284057,10
wine,1,segment_crossing,0.25,0.9962962962962963,0.00780809298806999,0.9055555555555556,0.04573736679714248,0.05863145088596557,0.03903955858646403,14.0,0.0,0.8571428571428571,0.12140522651411392,0.04841269841269838,0.09273986775698213,0.6284967320261439,0.1297769983070555,10.7,1.4944341180973264,17.3,1.494434118097326,10
wine,1,segment_crossing,0.4,0.9962962962962963,0.00780809298806999,0.9055555555555556,0.04573736679714248,0.05863145088596557,0.03903955858646403,22.0,0.0,0.8590909090909091,0.10152645798636944,0.04646464646464642,0.0702567026169289,0.6047881212019143,0.09266210924751747,16.5,1.5811388300841898,27.5,1.5811388300841893,10
wine,2,confidence,0.1,0.9962962962962963,0.00780809298806999,0.9537037037037036,0.03830146187034214,0.015565481356175598,0.02253884167878682,6.0,0.0,0.7166666666666667,0.22291558497487646,0.23703703703703702,0.1926084197358656,0.6785714285714286,0.1515228816828316,4.8,0.6324555320336759,7.2,0.6324555320336759,10
wine,2,confidence,0.2,0.9962962962962963,0.00780809298806999,0.9537037037037036,0.03830146187034214,0.015565481356175598,0.02253884167878682,11.0,0.0,0.8090909090909092,0.15716730278654475,0.14461279461279455,0.1214831788656912,0.6662637362637363,0.1553279080189484,8.7,1.1595018087284057,13.3,1.1595018087284057,10
wine,2,confidence,0.25,0.9962962962962963,0.00780809298806999,0.9537037037037036,0.03830146187034214,0.015565481356175598,0.02253884167878682,14.0,0.0,0.85,0.12348859504657084,0.10370370370370366,0.08804044847177436,0.6284967320261439,0.1297769983070555,10.7,1.4944341180973264,17.3,1.494434118097326,10
wine,2,confidence,0.4,0.9962962962962963,0.00780809298806999,0.9537037037037036,0.03830146187034214,0.015565481356175598,0.02253884167878682,22.0,0.0,0.9,0.08782652573448146,0.05370370370370364,0.051318121678402946,0.6047881212019143,0.09266210924751747,16.5,1.5811388300841898,27.5,1.5811388300841893,10
wine,2,segment_crossing,0.1,0.9962962962962963,0.00780809298806999,0.9537037037037036,0.03830146187034214,0.015565481356175598,0.02253884167878682,6.0,0.0,0.8,0.23306863292670035,0.15370370370370373,0.20343229206459892,0.6785714285714286,0.1515228816828316,4.8,0.6324555320336759,7.2,0.6324555320336759,10
wine,2,segment_crossing,0.2,0.9962962962962963,0.00780809298806999,0.9537037037037036,0.03830146187034214,0.015565481356175598,0.02253884167878682,11.0,0.0,0.8272727272727274,0.15121181757423818,0.1264309764309764,0.11530709840006972,0.6662637362637363,0.1553279080189484,8.7,1.1595018087284057,13.3,1.1595018087284057,10
wine,2,segment_crossing,0.25,0.9962962962962963,0.00780809298806999,0.9537037037037036,0.03830146187034214,0.015565481356175598,0.02253884167878682,14.0,0.0,0.8642857142857142,0.1188092852369014,0.0894179894179894,0.08313409924590376,0.6284967320261439,0.1297769983070555,10.7,1.4944341180973264,17.3,1.494434118097326,10
wine,2,segment_crossing,0.4,0.9962962962962963,0.00780809298806999,0.9537037037037036,0.03830146187034214,0.015565481356175598,0.02253884167878682,22.0,0.0,0.9,0.08782652573448146,0.05370370370370364,0.051318121678402946,0.6047881212019143,0.09266210924751747,16.5,1.5811388300841898,27.5,1.5811388300841893,10
wine,3,confidence,0.1,0.9962962962962963,0.00780809298806999,0.95,0.023178991796936534,0.020217508409183342,0.02129782948413895,6.0,0.0,0.7166666666666666,0.20861092617242874,0.23333333333333334,0.18909453825724237,0.6785714285714286,0.1515228816828316,4.8,0.6324555320336759,7.2,0.6324555320336759,10
wine,3,confidence,0.2,0.9962962962962963,0.00780809298806999,0.95,0.023178991796936534,0.020217508409183342,0.02129782948413895,11.0,0.0,0.8181818181818181,0.1484539238050411,0.13181818181818178,0.12734181522599422,0.6662637362637363,0.1553279080189484,8.7,1.1595018087284057,13.3,1.1595018087284057,10
wine,3,confidence,0.25,0.9962962962962963,0.00780809298806999,0.95,0.023178991796936534,0.020217508409183342,0.02129782948413895,14.0,0.0,0.85,0.1139379629905276,0.1,0.09342283358692136,0.6284967320261439,0.1297769983070555,10.7,1.4944341180973264,17.3,1.494434118097326,10
wine,3,confidence,0.4,0.9962962962962963,0.00780809298806999,0.95,0.023178991796936534,0.020217508409183342,0.02129782948413895,22.0,0.0,0.9,0.07360580485752194,0.04999999999999998,0.053384968315982884,0.6047881212019143,0.09266210924751747,16.5,1.5811388300841898,27.5,1.5811388300841893,10
wine,3,segment_crossing,0.1,0.9962962962962963,0.00780809298806999,0.95,0.023178991796936534,0.020217508409183342,0.02129782948413895,6.0,0.0,0.7666666666666667,0.21081851067789195,0.18333333333333332,0.19313196078138622,0.6785714285714286,0.1515228816828316,4.8,0.6324555320336759,7.2,0.6324555320336759,10
wine,3,segment_crossing,0.2,0.9962962962962963,0.00780809298806999,0.95,0.023178991796936534,0.020217508409183342,0.02129782948413895,11.0,0.0,0.8090909090909092,0.13173978860172217,0.14090909090909087,0.11199483614375157,0.6662637362637363,0.1553279080189484,8.7,1.1595018087284057,13.3,1.1595018087284057,10
wine,3,segment_crossing,0.25,0.9962962962962963,0.00780809298806999,0.95,0.023178991796936534,0.020217508409183342,0.02129782948413895,14.0,0.0,0.8428571428571429,0.09988655696858587,0.10714285714285714,0.07888597304514233,0.6284967320261439,0.1297769983070555,10.7,1.4944341180973264,17.3,1.494434118097326,10
wine,3,segment_crossing,0.4,0.9962962962962963,0.00780809298806999,0.95,0.023178991796936534,0.020217508409183342,0.02129782948413895,22.0,0.0,0.8954545454545455,0.07122823802147368,0.05454545454545452,0.049492277197914596,0.6047881212019143,0.09266210924751747,16.5,1.5811388300841898,27.5,1.5811388300841893,10
wine,5,confidence,0.1,0.9962962962962963,0.00780809298806999,0.95,0.021472255717192662,0.01146421814863922,0.013406121818782006,6.0,0.0,0.7,0.18921540406584889,0.25,0.17267408309505392,0.6785714285714286,0.1515228816828316,4.8,0.6324555320336759,7.2,0.6324555320336759,10
wine,5,confidence,0.2,0.9962962962962963,0.00780809298806999,0.95,0.021472255717192662,0.01146421814863922,0.013406121818782006,11.0,0.0,0.8,0.13415723406774946,0.14999999999999994,0.11563435916398773,0.6662637362637363,0.1553279080189484,8.7,1.1595018087284057,13.3,1.1595018087284057,10
wine,5,confidence,0.25,0.9962962962962963,0.00780809298806999,0.95,0.021472255717192662,0.01146421814863922,0.013406121818782006,14.0,0.0,0.8357142857142857,0.10129546374372687,0.11428571428571425,0.08324627087996639,0.6284967320261439,0.1297769983070555,10.7,1.4944341180973264,17.3,1.494434118097326,10
wine,5,confidence,0.4,0.9962962962962963,0.00780809298806999,0.95,0.021472255717192662,0.01146421814863922,0.013406121818782006,22.0,0.0,0.890909090909091,0.0649927593622037,0.05909090909090905,0.04707420453527272,0.6047881212019143,0.09266210924751747,16.5,1.5811388300841898,27.5,1.5811388300841893,10
wine,5,segment_crossing,0.1,0.9962962962962963,0.00780809298806999,0.95,0.021472255717192662,0.01146421814863922,0.013406121818782006,6.0,0.0,0.75,0.19641855032959654,0.19999999999999996,0.1803483563686434,0.6785714285714286,0.1515228816828316,4.8,0.6324555320336759,7.2,0.6324555320336759,10
wine,5,segment_crossing,0.2,0.9962962962962963,0.00780809298806999,0.95,0.021472255717192662,0.01146421814863922,0.013406121818782006,11.0,0.0,0.8,0.11968737974625153,0.14999999999999994,0.1022077952385522,0.6662637362637363,0.1553279080189484,8.7,1.1595018087284057,13.3,1.1595018087284057,10
wine,5,segment_crossing,0.25,0.9962962962962963,0.00780809298806999,0.95,0.021472255717192662,0.01146421814863922,0.013406121818782006,14.0,0.0,0.8357142857142857,0.0894046826453266,0.11428571428571428,0.07040108420802055,0.6284967320261439,0.1297769983070555,10.7,1.4944341180973264,17.3,1.494434118097326,10
wine,5,segment_crossing,0.4,0.9962962962962963,0.00780809298806999,0.95,0.021472255717192662,0.01146421814863922,0.013406121818782006,22.0,0.0,0.890909090909091,0.0649927593622037,0.05909090909090904,0.045043589888211555,0.6047881212019143,0.09266210924751747,16.5,1.5811388300841898,27.5,1.5811388300841893,10
wine,7,confidence,0.1,0.9962962962962963,0.00780809298806999,0.95,0.021472255717192662,0.01146421814863922,0.013406121818782006,6.0,0.0,0.7,0.18921540406584889,0.25,0.17267408309505392,0.6785714285714286,0.1515228816828316,4.8,0.6324555320336759,7.2,0.6324555320336759,10
wine,7,confidence,0.2,0.9962962962962963,0.00780809298806999,0.95,0.021472255717192662,0.01146421814863922,0.013406121818782006,11.0,0.0,0.8,0.13415723406774946,0.14999999999999994,0.11563435916398773,0.6662637362637363,0.1553279080189484,8.7,1.1595018087284057,13.3,1.1595018087284057,10
wine,7,confidence,0.25,0.9962962962962963,0.00780809298806999,0.95,0.021472255717192662,0.01146421814863922,0.013406121818782006,14.0,0.0,0.8357142857142857,0.10129546374372687,0.11428571428571425,0.08324627087996639,0.6284967320261439,0.1297769983070555,10.7,1.4944341180973264,17.3,1.494434118097326,10
wine,7,confidence,0.4,0.9962962962962963,0.00780809298806999,0.95,0.021472255717192662,0.01146421814863922,0.013406121818782006,22.0,0.0,0.890909090909091,0.0649927593622037,0.05909090909090905,0.04707420453527272,0.6047881212019143,0.09266210924751747,16.5,1.5811388300841898,27.5,1.5811388300841893,10
wine,7,segment_crossing,0.1,0.9962962962962963,0.00780809298806999,0.95,0.021472255717192662,0.01146421814863922,0.013406121818782006,6.0,0.0,0.75,0.19641855032959654,0.19999999999999996,0.1803483563686434,0.6785714285714286,0.1515228816828316,4.8,0.6324555320336759,7.2,0.6324555320336759,10
wine,7,segment_crossing,0.2,0.9962962962962963,0.00780809298806999,0.95,0.021472255717192662,0.01146421814863922,0.013406121818782006,11.0,0.0,0.8,0.11968737974625153,0.14999999999999994,0.1022077952385522,0.6662637362637363,0.1553279080189484,8.7,1.1595018087284057,13.3,1.1595018087284057,10
wine,7,segment_crossing,0.25,0.9962962962962963,0.00780809298806999,0.95,0.021472255717192662,0.01146421814863922,0.013406121818782006,14.0,0.0,0.8357142857142857,0.0894046826453266,0.11428571428571428,0.07040108420802055,0.6284967320261439,0.1297769983070555,10.7,1.4944341180973264,17.3,1.494434118097326,10
wine,7,segment_crossing,0.4,0.9962962962962963,0.00780809298806999,0.95,0.021472255717192662,0.01146421814863922,0.013406121818782006,22.0,0.0,0.890909090909091,0.0649927593622037,0.05909090909090904,0.045043589888211555,0.6047881212019143,0.09266210924751747,16.5,1.5811388300841898,27.5,1.5811388300841893,10
wine,10,confidence,0.1,0.9962962962962963,0.00780809298806999,0.95,0.021472255717192662,0.01146421814863922,0.013406121818782006,6.0,0.0,0.7,0.18921540406584889,0.25,0.17267408309505392,0.6785714285714286,0.1515228816828316,4.8,0.6324555320336759,7.2,0.6324555320336759,10
wine,10,confidence,0.2,0.9962962962962963,0.00780809298806999,0.95,0.021472255717192662,0.01146421814863922,0.013406121818782006,11.0,0.0,0.8,0.13415723406774946,0.14999999999999994,0.11563435916398773,0.6662637362637363,0.1553279080189484,8.7,1.1595018087284057,13.3,1.1595018087284057,10
wine,10,confidence,0.25,0.9962962962962963,0.00780809298806999,0.95,0.021472255717192662,0.01146421814863922,0.013406121818782006,14.0,0.0,0.8357142857142857,0.10129546374372687,0.11428571428571425,0.08324627087996639,0.6284967320261439,0.1297769983070555,10.7,1.4944341180973264,17.3,1.494434118097326,10
wine,10,confidence,0.4,0.9962962962962963,0.00780809298806999,0.95,0.021472255717192662,0.01146421814863922,0.013406121818782006,22.0,0.0,0.890909090909091,0.0649927593622037,0.05909090909090905,0.04707420453527272,0.6047881212019143,0.09266210924751747,16.5,1.5811388300841898,27.5,1.5811388300841893,10
wine,10,segment_crossing,0.1,0.9962962962962963,0.00780809298806999,0.95,0.021472255717192662,0.01146421814863922,0.013406121818782006,6.0,0.0,0.75,0.19641855032959654,0.19999999999999996,0.1803483563686434,0.6785714285714286,0.1515228816828316,4.8,0.6324555320336759,7.2,0.6324555320336759,10
wine,10,segment_crossing,0.2,0.9962962962962963,0.00780809298806999,0.95,0.021472255717192662,0.01146421814863922,0.013406121818782006,11.0,0.0,0.8,0.11968737974625153,0.14999999999999994,0.1022077952385522,0.6662637362637363,0.1553279080189484,8.7,1.1595018087284057,13.3,1.1595018087284057,10
wine,10,segment_crossing,0.25,0.9962962962962963,0.00780809298806999,0.95,0.021472255717192662,0.01146421814863922,0.013406121818782006,14.0,0.0,0.8357142857142857,0.0894046826453266,0.11428571428571428,0.07040108420802055,0.6284967320261439,0.1297769983070555,10.7,1.4944341180973264,17.3,1.494434118097326,10
wine,10,segment_crossing,0.4,0.9962962962962963,0.00780809298806999,0.95,0.021472255717192662,0.01146421814863922,0.013406121818782006,22.0,0.0,0.890909090909091,0.0649927593622037,0.05909090909090904,0.045043589888211555,0.6047881212019143,0.09266210924751747,16.5,1.5811388300841898,27.5,1.5811388300841893,10
