dataset,seed,surrogate_family,surrogate_config,depth,shift,teacher_accuracy,n_train,n_source,n_target_pool,n_target,n_profile_bins_requested,n_profile_bins_actual,n_empty_profile_bins,source_mean_confidence,target_mean_confidence,source_global_fidelity,true_target_fidelity,pred_global,pred_profile,error_global,error_profile,error_improvement,profile_wins
breast_cancer,0,decision_tree,depth=5,5.0,easy,0.9649122807017544,341,114,114,57,3,3,0,42.14586639404297,56.83812713623047,0.9824561403508772,0.9649122807017544,0.9824561403508772,0.9861495844875348,0.0175438596491227,0.0212373037857803,-0.0036934441366576,False
breast_cancer,0,decision_tree,depth=5,5.0,hard,0.9649122807017544,341,114,114,57,3,3,0,42.14586639404297,16.677032470703125,0.9824561403508772,0.8421052631578947,0.9824561403508772,0.9815327793167128,0.1403508771929824,0.1394275161588182,0.0009233610341642,True
breast_cancer,1,decision_tree,depth=5,5.0,easy,0.9649122807017544,341,114,114,57,3,3,0,30.520950317382812,54.26304244995117,0.9473684210526316,1.0,0.9473684210526316,1.0,0.0526315789473684,0.0,0.0526315789473684,True
breast_cancer,1,decision_tree,depth=5,5.0,hard,0.9649122807017544,341,114,114,57,3,3,0,30.520950317382812,18.35088539123535,0.9473684210526316,1.0,0.9473684210526316,0.9085872576177284,0.0526315789473684,0.0914127423822714,-0.038781163434903,False
breast_cancer,2,decision_tree,depth=5,5.0,easy,0.9736842105263158,341,114,114,57,3,3,0,45.33952331542969,68.55389404296875,0.9473684210526316,0.9649122807017544,0.9473684210526316,1.0,0.0175438596491228,0.0350877192982456,-0.0175438596491227,False
breast_cancer,2,decision_tree,depth=5,5.0,hard,0.9736842105263158,341,114,114,57,3,3,0,45.33952331542969,28.369604110717773,0.9473684210526316,0.9298245614035088,0.9473684210526316,0.9168975069252078,0.0175438596491227,0.012927054478301,0.0046168051708217,True
breast_cancer,3,decision_tree,depth=5,5.0,easy,0.9736842105263158,341,114,114,57,3,3,0,41.60892105102539,56.62957763671875,0.9649122807017544,0.9824561403508772,0.9649122807017544,1.0,0.0175438596491227,0.0175438596491228,-1.1102230246251563e-16,False
breast_cancer,3,decision_tree,depth=5,5.0,hard,0.9736842105263158,341,114,114,57,3,3,0,41.60892105102539,18.60716438293457,0.9649122807017544,0.8771929824561403,0.9649122807017544,0.9372114496768236,0.087719298245614,0.0600184672206832,0.0277008310249308,True
breast_cancer,4,decision_tree,depth=5,5.0,easy,0.9736842105263158,341,114,114,57,3,3,0,42.77842330932617,59.354644775390625,0.9649122807017544,0.9824561403508772,0.9649122807017544,1.0,0.0175438596491227,0.0175438596491228,-1.1102230246251563e-16,False
breast_cancer,4,decision_tree,depth=5,5.0,hard,0.9736842105263158,341,114,114,57,3,3,0,42.77842330932617,26.8028621673584,0.9649122807017544,0.912280701754386,0.9649122807017544,0.92797783933518,0.0526315789473684,0.015697137580794,0.0369344413665744,True
breast_cancer,5,decision_tree,depth=5,5.0,easy,0.9692982456140352,341,114,114,57,3,3,0,47.71139144897461,85.96379852294922,0.912280701754386,0.9298245614035088,0.912280701754386,0.981994459833795,0.0175438596491228,0.0521698984302861,-0.0346260387811633,False
breast_cancer,5,decision_tree,depth=5,5.0,hard,0.9692982456140352,341,114,114,57,3,3,0,47.71139144897461,22.55274772644043,0.912280701754386,0.8947368421052632,0.912280701754386,0.871191135734072,0.0175438596491227,0.0235457063711911,-0.0060018467220683,False
breast_cancer,6,decision_tree,depth=5,5.0,easy,0.9649122807017544,341,114,114,57,3,3,0,44.81627655029297,66.32612609863281,0.9824561403508772,0.9824561403508772,0.9824561403508772,0.9963065558633426,0.0,0.0138504155124654,-0.0138504155124654,False
breast_cancer,6,decision_tree,depth=5,5.0,hard,0.9649122807017544,341,114,114,57,3,3,0,44.81627655029297,26.929662704467773,0.9824561403508772,0.9824561403508772,0.9824561403508772,0.9736842105263158,0.0,0.0087719298245613,-0.0087719298245613,False
breast_cancer,7,decision_tree,depth=5,5.0,easy,0.9780701754385964,341,114,114,57,3,3,0,55.40475845336914,93.69793701171876,0.912280701754386,0.9649122807017544,0.912280701754386,0.9473684210526316,0.0526315789473684,0.0175438596491228,0.0350877192982456,True
breast_cancer,7,decision_tree,depth=5,5.0,hard,0.9780701754385964,341,114,114,57,3,3,0,55.40475845336914,16.32880210876465,0.912280701754386,0.8421052631578947,0.912280701754386,0.860572483841182,0.0701754385964912,0.0184672206832873,0.0517082179132039,True
breast_cancer,8,decision_tree,depth=5,5.0,easy,0.9473684210526316,341,114,114,57,3,3,0,48.69120788574219,74.33842468261719,0.8859649122807017,1.0,0.8859649122807017,0.9473684210526316,0.1140350877192982,0.0526315789473684,0.0614035087719297,True
breast_cancer,8,decision_tree,depth=5,5.0,hard,0.9473684210526316,341,114,114,57,3,3,0,48.69120788574219,18.94865608215332,0.8859649122807017,0.8421052631578947,0.8859649122807017,0.8342566943674977,0.043859649122807,0.0078485687903969,0.03601108033241,True
breast_cancer,9,decision_tree,depth=5,5.0,easy,0.9824561403508772,341,114,114,57,3,3,0,38.98060607910156,66.68528747558594,0.9210526315789472,1.0,0.9210526315789472,0.9852262234533704,0.0789473684210526,0.0147737765466297,0.0641735918744229,True
breast_cancer,9,decision_tree,depth=5,5.0,hard,0.9824561403508772,341,114,114,57,3,3,0,38.98060607910156,19.110435485839844,0.9210526315789472,0.9649122807017544,0.9210526315789472,0.8596491228070176,0.043859649122807,0.1052631578947368,-0.0614035087719297,False
breast_cancer,0,knn,k=5,,easy,0.9649122807017544,341,114,114,57,3,3,0,42.14586639404297,56.83812713623047,0.9736842105263158,1.0,0.9736842105263158,0.9875346260387812,0.0263157894736841,0.0124653739612187,0.0138504155124654,True
breast_cancer,0,knn,k=5,,hard,0.9649122807017544,341,114,114,57,3,3,0,42.14586639404297,16.677032470703125,0.9736842105263158,0.8947368421052632,0.9736842105263158,0.9552169898430286,0.0789473684210526,0.0604801477377654,0.0184672206832872,True
breast_cancer,1,knn,k=5,,easy,0.9649122807017544,341,114,114,57,3,3,0,30.520950317382812,54.26304244995117,0.9736842105263158,1.0,0.9736842105263158,0.9769159741458912,0.0263157894736841,0.0230840258541088,0.0032317636195753,True
breast_cancer,1,knn,k=5,,hard,0.9649122807017544,341,114,114,57,3,3,0,30.520950317382812,18.35088539123535,0.9736842105263158,0.9473684210526316,0.9736842105263158,0.969529085872576,0.0263157894736842,0.0221606648199444,0.0041551246537397,True
breast_cancer,2,knn,k=5,,easy,0.9736842105263158,341,114,114,57,3,3,0,45.33952331542969,68.55389404296875,0.9736842105263158,1.0,0.9736842105263158,1.0,0.0263157894736841,0.0,0.0263157894736841,True
breast_cancer,2,knn,k=5,,hard,0.9736842105263158,341,114,114,57,3,3,0,45.33952331542969,28.369604110717773,0.9736842105263158,0.8771929824561403,0.9736842105263158,0.9584487534626036,0.0964912280701755,0.0812557710064634,0.015235457063712,True
breast_cancer,3,knn,k=5,,easy,0.9736842105263158,341,114,114,57,3,3,0,41.60892105102539,56.62957763671875,0.9736842105263158,1.0,0.9736842105263158,1.0,0.0263157894736841,0.0,0.0263157894736841,True
breast_cancer,3,knn,k=5,,hard,0.9736842105263158,341,114,114,57,3,3,0,41.60892105102539,18.60716438293457,0.9736842105263158,0.8771929824561403,0.9736842105263158,0.9529085872576176,0.0964912280701755,0.0757156048014773,0.0207756232686981,True
breast_cancer,4,knn,k=5,,easy,0.9736842105263158,341,114,114,57,3,3,0,42.77842330932617,59.354644775390625,0.9736842105263158,1.0,0.9736842105263158,1.0,0.0263157894736841,0.0,0.0263157894736841,True
breast_cancer,4,knn,k=5,,hard,0.9736842105263158,341,114,114,57,3,3,0,42.77842330932617,26.8028621673584,0.9736842105263158,0.9824561403508772,0.9736842105263158,0.945983379501385,0.0087719298245613,0.0364727608494921,-0.0277008310249308,False
breast_cancer,5,knn,k=5,,easy,0.9692982456140352,341,114,114,57,3,3,0,47.71139144897461,85.96379852294922,0.9385964912280702,0.9649122807017544,0.9385964912280702,1.0,0.0263157894736841,0.0350877192982456,-0.0087719298245614,False
breast_cancer,5,knn,k=5,,hard,0.9692982456140352,341,114,114,57,3,3,0,47.71139144897461,22.55274772644043,0.9385964912280702,0.9298245614035088,0.9385964912280702,0.8998153277931672,0.0087719298245614,0.0300092336103415,-0.0212373037857801,False
breast_cancer,6,knn,k=5,,easy,0.9649122807017544,341,114,114,57,3,3,0,44.81627655029297,66.32612609863281,0.9649122807017544,1.0,0.9649122807017544,1.0,0.0350877192982456,0.0,0.0350877192982456,True
breast_cancer,6,knn,k=5,,hard,0.9649122807017544,341,114,114,57,3,3,0,44.81627655029297,26.929662704467773,0.9649122807017544,0.8947368421052632,0.9649122807017544,0.9372114496768236,0.0701754385964912,0.0424746075715603,0.0277008310249309,True
breast_cancer,7,knn,k=5,,easy,0.9780701754385964,341,114,114,57,3,3,0,55.40475845336914,93.69793701171876,0.9298245614035088,0.9824561403508772,0.9298245614035088,0.989843028624192,0.0526315789473683,0.0073868882733149,0.0452446906740534,True
breast_cancer,7,knn,k=5,,hard,0.9780701754385964,341,114,114,57,3,3,0,55.40475845336914,16.32880210876465,0.9298245614035088,0.9473684210526316,0.9298245614035088,0.8434903047091412,0.0175438596491227,0.1038781163434903,-0.0863342566943675,False
breast_cancer,8,knn,k=5,,easy,0.9473684210526316,341,114,114,57,3,3,0,48.69120788574219,74.33842468261719,0.9298245614035088,1.0,0.9298245614035088,1.0,0.0701754385964912,0.0,0.0701754385964912,True
breast_cancer,8,knn,k=5,,hard,0.9473684210526316,341,114,114,57,3,3,0,48.69120788574219,18.94865608215332,0.9298245614035088,0.8421052631578947,0.9298245614035088,0.8707294552169899,0.087719298245614,0.0286241920590951,0.0590951061865189,True
breast_cancer,9,knn,k=5,,easy,0.9824561403508772,341,114,114,57,3,3,0,38.98060607910156,66.68528747558594,0.9473684210526316,1.0,0.9473684210526316,0.9926131117266852,0.0526315789473684,0.0073868882733147,0.0452446906740536,True
breast_cancer,9,knn,k=5,,hard,0.9824561403508772,341,114,114,57,3,3,0,38.98060607910156,19.110435485839844,0.9473684210526316,0.9649122807017544,0.9473684210526316,0.9035087719298246,0.0175438596491228,0.0614035087719297,-0.0438596491228069,False
breast_cancer,0,logistic_regression,"C=1,solver=liblinear",,easy,0.9649122807017544,341,114,114,57,3,3,0,42.14586639404297,56.83812713623047,0.9912280701754386,1.0,0.9912280701754386,1.0,0.0087719298245614,0.0,0.0087719298245614,True
breast_cancer,0,logistic_regression,"C=1,solver=liblinear",,hard,0.9649122807017544,341,114,114,57,3,3,0,42.14586639404297,16.677032470703125,0.9912280701754386,0.9298245614035088,0.9912280701754386,0.9815327793167128,0.0614035087719297,0.0517082179132041,0.0096952908587256,True
breast_cancer,1,logistic_regression,"C=1,solver=liblinear",,easy,0.9649122807017544,341,114,114,57,3,3,0,30.520950317382812,54.26304244995117,0.9736842105263158,1.0,0.9736842105263158,1.0,0.0263157894736841,0.0,0.0263157894736841,True
breast_cancer,1,logistic_regression,"C=1,solver=liblinear",,hard,0.9649122807017544,341,114,114,57,3,3,0,30.520950317382812,18.35088539123535,0.9736842105263158,0.9298245614035088,0.9736842105263158,0.9542936288088644,0.043859649122807,0.0244690674053554,0.0193905817174515,True
breast_cancer,2,logistic_regression,"C=1,solver=liblinear",,easy,0.9736842105263158,341,114,114,57,3,3,0,45.33952331542969,68.55389404296875,0.9912280701754386,1.0,0.9912280701754386,1.0,0.0087719298245614,0.0,0.0087719298245614,True
breast_cancer,2,logistic_regression,"C=1,solver=liblinear",,hard,0.9736842105263158,341,114,114,57,3,3,0,45.33952331542969,28.369604110717773,0.9912280701754386,0.9824561403508772,0.9912280701754386,0.9861495844875348,0.0087719298245614,0.0036934441366576,0.0050784856879038,True
breast_cancer,3,logistic_regression,"C=1,solver=liblinear",,easy,0.9736842105263158,341,114,114,57,3,3,0,41.60892105102539,56.62957763671875,0.9912280701754386,1.0,0.9912280701754386,1.0,0.0087719298245614,0.0,0.0087719298245614,True
breast_cancer,3,logistic_regression,"C=1,solver=liblinear",,hard,0.9736842105263158,341,114,114,57,3,3,0,41.60892105102539,18.60716438293457,0.9912280701754386,0.9649122807017544,0.9912280701754386,0.984302862419206,0.0263157894736841,0.0193905817174515,0.0069252077562326,True
breast_cancer,4,logistic_regression,"C=1,solver=liblinear",,easy,0.9736842105263158,341,114,114,57,3,3,0,42.77842330932617,59.354644775390625,1.0,1.0,1.0,1.0,0.0,0.0,0.0,False
breast_cancer,4,logistic_regression,"C=1,solver=liblinear",,hard,0.9736842105263158,341,114,114,57,3,3,0,42.77842330932617,26.8028621673584,1.0,1.0,1.0,1.0,0.0,0.0,0.0,False
breast_cancer,5,logistic_regression,"C=1,solver=liblinear",,easy,0.9692982456140352,341,114,114,57,3,3,0,47.71139144897461,85.96379852294922,0.956140350877193,0.9824561403508772,0.956140350877193,1.0,0.0263157894736841,0.0175438596491228,0.0087719298245613,True
breast_cancer,5,logistic_regression,"C=1,solver=liblinear",,hard,0.9692982456140352,341,114,114,57,3,3,0,47.71139144897461,22.55274772644043,0.956140350877193,0.9649122807017544,0.956140350877193,0.928439519852262,0.0087719298245614,0.0364727608494922,-0.0277008310249308,False
breast_cancer,6,logistic_regression,"C=1,solver=liblinear",,easy,0.9649122807017544,341,114,114,57,3,3,0,44.81627655029297,66.32612609863281,0.9824561403508772,1.0,0.9824561403508772,1.0,0.0175438596491228,0.0,0.0175438596491228,True
breast_cancer,6,logistic_regression,"C=1,solver=liblinear",,hard,0.9649122807017544,341,114,114,57,3,3,0,44.81627655029297,26.929662704467773,0.9824561403508772,0.9824561403508772,0.9824561403508772,0.9686057248384118,0.0,0.0138504155124653,-0.0138504155124653,False
breast_cancer,7,logistic_regression,"C=1,solver=liblinear",,easy,0.9780701754385964,341,114,114,57,3,3,0,55.40475845336914,93.69793701171876,0.9736842105263158,1.0,0.9736842105263158,1.0,0.0263157894736841,0.0,0.0263157894736841,True
breast_cancer,7,logistic_regression,"C=1,solver=liblinear",,hard,0.9780701754385964,341,114,114,57,3,3,0,55.40475845336914,16.32880210876465,0.9736842105263158,1.0,0.9736842105263158,0.9349030470914124,0.0263157894736841,0.0650969529085875,-0.0387811634349033,False
breast_cancer,8,logistic_regression,"C=1,solver=liblinear",,easy,0.9473684210526316,341,114,114,57,3,3,0,48.69120788574219,74.33842468261719,0.9824561403508772,1.0,0.9824561403508772,1.0,0.0175438596491228,0.0,0.0175438596491228,True
breast_cancer,8,logistic_regression,"C=1,solver=liblinear",,hard,0.9473684210526316,341,114,114,57,3,3,0,48.69120788574219,18.94865608215332,0.9824561403508772,0.9473684210526316,0.9824561403508772,0.9676823638042474,0.0350877192982456,0.0203139427516159,0.0147737765466297,True
breast_cancer,9,logistic_regression,"C=1,solver=liblinear",,easy,0.9824561403508772,341,114,114,57,3,3,0,38.98060607910156,66.68528747558594,0.9649122807017544,1.0,0.9649122807017544,1.0,0.0350877192982456,0.0,0.0350877192982456,True
breast_cancer,9,logistic_regression,"C=1,solver=liblinear",,hard,0.9824561403508772,341,114,114,57,3,3,0,38.98060607910156,19.110435485839844,0.9649122807017544,0.9649122807017544,0.9649122807017544,0.9298245614035088,0.0,0.0350877192982456,-0.0350877192982456,False
breast_cancer,0,mlp,"hidden_width=32,solver=lbfgs",,easy,0.9649122807017544,341,114,114,57,3,3,0,42.14586639404297,56.83812713623047,0.9912280701754386,1.0,0.9912280701754386,1.0,0.0087719298245614,0.0,0.0087719298245614,True
breast_cancer,0,mlp,"hidden_width=32,solver=lbfgs",,hard,0.9649122807017544,341,114,114,57,3,3,0,42.14586639404297,16.677032470703125,0.9912280701754386,0.9824561403508772,0.9912280701754386,0.9815327793167128,0.0087719298245614,0.0009233610341642,0.0078485687903971,True
breast_cancer,1,mlp,"hidden_width=32,solver=lbfgs",,easy,0.9649122807017544,341,114,114,57,3,3,0,30.520950317382812,54.26304244995117,0.9912280701754386,1.0,0.9912280701754386,1.0,0.0087719298245614,0.0,0.0087719298245614,True
breast_cancer,1,mlp,"hidden_width=32,solver=lbfgs",,hard,0.9649122807017544,341,114,114,57,3,3,0,30.520950317382812,18.35088539123535,0.9912280701754386,0.9649122807017544,0.9912280701754386,0.984764542936288,0.0263157894736841,0.0198522622345337,0.0064635272391504,True
breast_cancer,2,mlp,"hidden_width=32,solver=lbfgs",,easy,0.9736842105263158,341,114,114,57,3,3,0,45.33952331542969,68.55389404296875,1.0,1.0,1.0,1.0,0.0,0.0,0.0,False
breast_cancer,2,mlp,"hidden_width=32,solver=lbfgs",,hard,0.9736842105263158,341,114,114,57,3,3,0,45.33952331542969,28.369604110717773,1.0,1.0,1.0,1.0,0.0,0.0,0.0,False
breast_cancer,3,mlp,"hidden_width=32,solver=lbfgs",,easy,0.9736842105263158,341,114,114,57,3,3,0,41.60892105102539,56.62957763671875,0.9912280701754386,1.0,0.9912280701754386,1.0,0.0087719298245614,0.0,0.0087719298245614,True
breast_cancer,3,mlp,"hidden_width=32,solver=lbfgs",,hard,0.9736842105263158,341,114,114,57,3,3,0,41.60892105102539,18.60716438293457,0.9912280701754386,1.0,0.9912280701754386,0.984302862419206,0.0087719298245614,0.015697137580794,-0.0069252077562326,False
breast_cancer,4,mlp,"hidden_width=32,solver=lbfgs",,easy,0.9736842105263158,341,114,114,57,3,3,0,42.77842330932617,59.354644775390625,0.9912280701754386,1.0,0.9912280701754386,1.0,0.0087719298245614,0.0,0.0087719298245614,True
breast_cancer,4,mlp,"hidden_width=32,solver=lbfgs",,hard,0.9736842105263158,341,114,114,57,3,3,0,42.77842330932617,26.8028621673584,0.9912280701754386,1.0,0.9912280701754386,0.981994459833795,0.0087719298245614,0.018005540166205,-0.0092336103416436,False
breast_cancer,5,mlp,"hidden_width=32,solver=lbfgs",,easy,0.9692982456140352,341,114,114,57,3,3,0,47.71139144897461,85.96379852294922,0.9824561403508772,0.9824561403508772,0.9824561403508772,1.0,0.0,0.0175438596491228,-0.0175438596491228,False
breast_cancer,5,mlp,"hidden_width=32,solver=lbfgs",,hard,0.9692982456140352,341,114,114,57,3,3,0,47.71139144897461,22.55274772644043,0.9824561403508772,0.9824561403508772,0.9824561403508772,0.9713758079409048,0.0,0.0110803324099723,-0.0110803324099723,False
breast_cancer,6,mlp,"hidden_width=32,solver=lbfgs",,easy,0.9649122807017544,341,114,114,57,3,3,0,44.81627655029297,66.32612609863281,1.0,1.0,1.0,1.0,0.0,0.0,0.0,False
breast_cancer,6,mlp,"hidden_width=32,solver=lbfgs",,hard,0.9649122807017544,341,114,114,57,3,3,0,44.81627655029297,26.929662704467773,1.0,0.9824561403508772,1.0,1.0,0.0175438596491228,0.0175438596491228,0.0,False
breast_cancer,7,mlp,"hidden_width=32,solver=lbfgs",,easy,0.9780701754385964,341,114,114,57,3,3,0,55.40475845336914,93.69793701171876,0.9473684210526316,1.0,0.9473684210526316,0.9838411819021238,0.0526315789473684,0.0161588180978762,0.0364727608494922,True
breast_cancer,7,mlp,"hidden_width=32,solver=lbfgs",,hard,0.9780701754385964,341,114,114,57,3,3,0,55.40475845336914,16.32880210876465,0.9473684210526316,0.9824561403508772,0.9473684210526316,0.8915050784856879,0.0350877192982456,0.0909510618651892,-0.0558633425669435,False
breast_cancer,8,mlp,"hidden_width=32,solver=lbfgs",,easy,0.9473684210526316,341,114,114,57,3,3,0,48.69120788574219,74.33842468261719,0.9824561403508772,1.0,0.9824561403508772,1.0,0.0175438596491228,0.0,0.0175438596491228,True
breast_cancer,8,mlp,"hidden_width=32,solver=lbfgs",,hard,0.9473684210526316,341,114,114,57,3,3,0,48.69120788574219,18.94865608215332,0.9824561403508772,0.9824561403508772,0.9824561403508772,0.9676823638042474,0.0,0.0147737765466297,-0.0147737765466297,False
breast_cancer,9,mlp,"hidden_width=32,solver=lbfgs",,easy,0.9824561403508772,341,114,114,57,3,3,0,38.98060607910156,66.68528747558594,0.9736842105263158,1.0,0.9736842105263158,1.0,0.0263157894736841,0.0,0.0263157894736841,True
breast_cancer,9,mlp,"hidden_width=32,solver=lbfgs",,hard,0.9824561403508772,341,114,114,57,3,3,0,38.98060607910156,19.110435485839844,0.9736842105263158,0.9824561403508772,0.9736842105263158,0.9473684210526316,0.0087719298245613,0.0350877192982456,-0.0263157894736842,False
diabetes,0,decision_tree,depth=5,5.0,easy,0.6779661016949152,265,88,89,45,3,3,0,14.059371948242188,29.73322296142578,0.6818181818181818,0.8222222222222222,0.6818181818181818,0.7615325670498083,0.1404040404040404,0.0606896551724138,0.0797143852316265,True
diabetes,0,decision_tree,depth=5,5.0,hard,0.6779661016949152,265,88,89,44,3,3,0,14.059371948242188,7.856396198272705,0.6818181818181818,0.6363636363636364,0.6818181818181818,0.6520376175548589,0.0454545454545454,0.0156739811912225,0.0297805642633228,True
diabetes,1,decision_tree,depth=5,5.0,easy,0.6892655367231638,265,88,89,45,3,3,0,20.730741500854492,32.03206253051758,0.75,0.8222222222222222,0.75,0.7910344827586209,0.0722222222222221,0.0311877394636013,0.0410344827586208,True
diabetes,1,decision_tree,depth=5,5.0,hard,0.6892655367231638,265,88,89,44,3,3,0,20.730741500854492,6.638490200042725,0.75,0.6818181818181818,0.75,0.7178683385579937,0.0681818181818182,0.0360501567398119,0.0321316614420063,True
diabetes,2,decision_tree,depth=5,5.0,easy,0.655367231638418,265,88,89,45,3,3,0,16.1544189453125,26.35328483581543,0.7386363636363636,0.8444444444444444,0.7386363636363636,0.8312388250319287,0.1058080808080808,0.0132056194125157,0.092602461395565,True
diabetes,2,decision_tree,depth=5,5.0,hard,0.655367231638418,265,88,89,44,3,3,0,16.1544189453125,4.864511013031006,0.7386363636363636,0.4772727272727273,0.7386363636363636,0.5893416927899687,0.2613636363636363,0.1120689655172414,0.1492946708463949,True
diabetes,3,decision_tree,depth=5,5.0,easy,0.672316384180791,265,88,89,45,3,3,0,17.15814208984375,21.84065055847168,0.6704545454545454,0.7111111111111111,0.6704545454545454,0.7868454661558112,0.0406565656565657,0.0757343550447,-0.0350777893881343,False
diabetes,3,decision_tree,depth=5,5.0,hard,0.672316384180791,265,88,89,44,3,3,0,17.15814208984375,5.4667768478393555,0.6704545454545454,0.5454545454545454,0.6704545454545454,0.4764890282131663,0.125,0.0689655172413791,0.0560344827586208,True
diabetes,4,decision_tree,depth=5,5.0,easy,0.6779661016949152,265,88,89,45,3,3,0,16.83808135986328,23.877159118652344,0.7272727272727273,0.8666666666666667,0.7272727272727273,0.8104214559386976,0.1393939393939394,0.056245210727969,0.0831487286659703,True
diabetes,4,decision_tree,depth=5,5.0,hard,0.6779661016949152,265,88,89,44,3,3,0,16.83808135986328,5.6570820808410645,0.7272727272727273,0.4090909090909091,0.7272727272727273,0.6269592476489029,0.3181818181818182,0.2178683385579937,0.1003134796238244,True
diabetes,5,decision_tree,depth=5,5.0,easy,0.6779661016949152,265,88,89,45,3,3,0,17.297204971313477,31.497390747070312,0.6818181818181818,0.8888888888888888,0.6818181818181818,0.8571647509578546,0.207070707070707,0.0317241379310342,0.1753465691396728,True
diabetes,5,decision_tree,depth=5,5.0,hard,0.6779661016949152,265,88,89,44,3,3,0,17.297204971313477,7.630714893341064,0.6818181818181818,0.5,0.6818181818181818,0.5924764890282133,0.1818181818181817,0.0924764890282132,0.0893416927899685,True
diabetes,6,decision_tree,depth=5,5.0,easy,0.6779661016949152,265,88,89,45,3,3,0,16.92070770263672,27.861175537109375,0.7386363636363636,0.8666666666666667,0.7386363636363636,0.8491954022988506,0.128030303030303,0.017471264367816,0.1105590386624869,True
diabetes,6,decision_tree,depth=5,5.0,hard,0.6779661016949152,265,88,89,44,3,3,0,16.92070770263672,6.77287483215332,0.7386363636363636,0.4772727272727273,0.7386363636363636,0.6238244514106581,0.2613636363636363,0.1465517241379308,0.1148119122257055,True
diabetes,7,decision_tree,depth=5,5.0,easy,0.672316384180791,265,88,89,45,3,3,0,16.455005645751953,27.338886260986328,0.7272727272727273,0.8,0.7272727272727273,0.8474584929757346,0.0727272727272727,0.0474584929757345,0.0252687797515381,True
diabetes,7,decision_tree,depth=5,5.0,hard,0.672316384180791,265,88,89,44,3,3,0,16.455005645751953,5.740118503570557,0.7272727272727273,0.5909090909090909,0.7272727272727273,0.5940438871473356,0.1363636363636363,0.0031347962382446,0.1332288401253917,True
diabetes,8,decision_tree,depth=5,5.0,easy,0.672316384180791,265,88,89,45,3,3,0,18.284832000732425,37.305870056152344,0.7045454545454546,0.8666666666666667,0.7045454545454546,0.8509323116219669,0.1621212121212121,0.0157343550446997,0.1463868570765123,True
diabetes,8,decision_tree,depth=5,5.0,hard,0.672316384180791,265,88,89,44,3,3,0,18.284832000732425,7.947765827178955,0.7045454545454546,0.5,0.7045454545454546,0.6363636363636365,0.2045454545454545,0.1363636363636364,0.0681818181818181,True
diabetes,9,decision_tree,depth=5,5.0,easy,0.7005649717514124,265,88,89,45,3,3,0,13.238202095031738,21.33701515197754,0.75,0.8,0.75,0.8620689655172413,0.05,0.0620689655172412,-0.0120689655172412,False
diabetes,9,decision_tree,depth=5,5.0,hard,0.7005649717514124,265,88,89,44,3,3,0,13.238202095031738,4.924746990203857,0.75,0.6363636363636364,0.75,0.6112852664576803,0.1136363636363636,0.025078369905956,0.0885579937304076,True
diabetes,0,knn,k=5,,easy,0.6779661016949152,265,88,89,45,3,3,0,14.059371948242188,29.73322296142578,0.7272727272727273,0.9111111111111112,0.7272727272727273,0.8859770114942527,0.1838383838383838,0.0251340996168584,0.1587042842215253,True
diabetes,0,knn,k=5,,hard,0.6779661016949152,265,88,89,44,3,3,0,14.059371948242188,7.856396198272705,0.7272727272727273,0.7045454545454546,0.7272727272727273,0.6520376175548589,0.0227272727272727,0.0525078369905956,-0.0297805642633229,False
diabetes,1,knn,k=5,,easy,0.6892655367231638,265,88,89,45,3,3,0,20.730741500854492,32.03206253051758,0.8068181818181818,1.0,0.8068181818181818,0.9662068965517242,0.1931818181818182,0.0337931034482757,0.1593887147335424,True
diabetes,1,knn,k=5,,hard,0.6892655367231638,265,88,89,44,3,3,0,20.730741500854492,6.638490200042725,0.8068181818181818,0.6818181818181818,0.8068181818181818,0.658307210031348,0.125,0.0235109717868338,0.1014890282131661,True
diabetes,2,knn,k=5,,easy,0.655367231638418,265,88,89,45,3,3,0,16.1544189453125,26.35328483581543,0.7613636363636364,0.9777777777777776,0.7613636363636364,0.8479182630906767,0.2164141414141414,0.129859514687101,0.0865546267270404,True
diabetes,2,knn,k=5,,hard,0.655367231638418,265,88,89,44,3,3,0,16.1544189453125,4.864511013031006,0.7613636363636364,0.6818181818181818,0.7613636363636364,0.6332288401253916,0.0795454545454545,0.0485893416927901,0.0309561128526644,True
diabetes,3,knn,k=5,,easy,0.672316384180791,265,88,89,45,3,3,0,17.15814208984375,21.84065055847168,0.8181818181818182,0.8666666666666667,0.8181818181818182,0.8638058748403572,0.0484848484848484,0.0028607918263094,0.0456240566585389,True
diabetes,3,knn,k=5,,hard,0.672316384180791,265,88,89,44,3,3,0,17.15814208984375,5.4667768478393555,0.8181818181818182,0.5,0.8181818181818182,0.749216300940439,0.3181818181818182,0.249216300940439,0.0689655172413792,True
diabetes,4,knn,k=5,,easy,0.6779661016949152,265,88,89,45,3,3,0,16.83808135986328,23.877159118652344,0.8068181818181818,0.9111111111111112,0.8068181818181818,0.9271519795657724,0.1042929292929293,0.0160408684546613,0.0882520608382679,True
diabetes,4,knn,k=5,,hard,0.6779661016949152,265,88,89,44,3,3,0,16.83808135986328,5.6570820808410645,0.8068181818181818,0.6818181818181818,0.8068181818181818,0.6614420062695924,0.125,0.0203761755485893,0.1046238244514106,True
diabetes,5,knn,k=5,,easy,0.6779661016949152,265,88,89,45,3,3,0,17.297204971313477,31.497390747070312,0.7727272727272727,0.9555555555555556,0.7727272727272727,0.9020689655172413,0.1828282828282829,0.0534865900383143,0.1293416927899685,True
diabetes,5,knn,k=5,,hard,0.6779661016949152,265,88,89,44,3,3,0,17.297204971313477,7.630714893341064,0.7727272727272727,0.7272727272727273,0.7727272727272727,0.7170846394984325,0.0454545454545454,0.0101880877742948,0.0352664576802506,True
diabetes,6,knn,k=5,,easy,0.6779661016949152,265,88,89,45,3,3,0,16.92070770263672,27.861175537109375,0.7954545454545454,0.8444444444444444,0.7954545454545454,0.8828607918263088,0.048989898989899,0.0384163473818643,0.0105735516080346,True
diabetes,6,knn,k=5,,hard,0.6779661016949152,265,88,89,44,3,3,0,16.92070770263672,6.77287483215332,0.7954545454545454,0.6363636363636364,0.7954545454545454,0.7084639498432602,0.159090909090909,0.0721003134796238,0.0869905956112851,True
diabetes,7,knn,k=5,,easy,0.672316384180791,265,88,89,45,3,3,0,16.455005645751953,27.338886260986328,0.75,0.9333333333333332,0.75,0.8658492975734355,0.1833333333333333,0.0674840357598978,0.1158492975734355,True
diabetes,7,knn,k=5,,hard,0.672316384180791,265,88,89,44,3,3,0,16.455005645751953,5.740118503570557,0.75,0.5909090909090909,0.75,0.5877742946708464,0.159090909090909,0.0031347962382445,0.1559561128526645,True
diabetes,8,knn,k=5,,easy,0.672316384180791,265,88,89,45,3,3,0,18.284832000732425,37.305870056152344,0.8522727272727273,0.9333333333333332,0.8522727272727273,0.9331289910600252,0.081060606060606,0.0002043422733081,0.0808562637872979,True
diabetes,8,knn,k=5,,hard,0.672316384180791,265,88,89,44,3,3,0,18.284832000732425,7.947765827178955,0.8522727272727273,0.5681818181818182,0.8522727272727273,0.8377742946708463,0.284090909090909,0.269592476489028,0.0144984326018809,True
diabetes,9,knn,k=5,,easy,0.7005649717514124,265,88,89,45,3,3,0,13.238202095031738,21.33701515197754,0.7613636363636364,0.9333333333333332,0.7613636363636364,0.8371647509578544,0.171969696969697,0.0961685823754789,0.075801114594218,True
diabetes,9,knn,k=5,,hard,0.7005649717514124,265,88,89,44,3,3,0,13.238202095031738,4.924746990203857,0.7613636363636364,0.6818181818181818,0.7613636363636364,0.6802507836990594,0.0795454545454545,0.0015673981191223,0.0779780564263322,True
diabetes,0,logistic_regression,"C=1,solver=liblinear",,easy,0.6779661016949152,265,88,89,45,3,3,0,14.059371948242188,29.73322296142578,0.7613636363636364,0.8888888888888888,0.7613636363636364,0.8882758620689652,0.1275252525252524,0.0006130268199235,0.1269122257053289,True
diabetes,0,logistic_regression,"C=1,solver=liblinear",,hard,0.6779661016949152,265,88,89,44,3,3,0,14.059371948242188,7.856396198272705,0.7613636363636364,0.6136363636363636,0.7613636363636364,0.6990595611285267,0.1477272727272727,0.0854231974921631,0.0623040752351096,True
diabetes,1,logistic_regression,"C=1,solver=liblinear",,easy,0.6892655367231638,265,88,89,45,3,3,0,20.730741500854492,32.03206253051758,0.7613636363636364,0.9333333333333332,0.7613636363636364,0.9248275862068964,0.171969696969697,0.0085057471264368,0.1634639498432601,True
diabetes,1,logistic_regression,"C=1,solver=liblinear",,hard,0.6892655367231638,265,88,89,44,3,3,0,20.730741500854492,6.638490200042725,0.7613636363636364,0.6590909090909091,0.7613636363636364,0.598746081504702,0.1022727272727272,0.060344827586207,0.0419278996865202,True
diabetes,2,logistic_regression,"C=1,solver=liblinear",,easy,0.655367231638418,265,88,89,45,3,3,0,16.1544189453125,26.35328483581543,0.6818181818181818,0.8444444444444444,0.6818181818181818,0.7973435504469985,0.1626262626262626,0.0471008939974459,0.1155253686288166,True
diabetes,2,logistic_regression,"C=1,solver=liblinear",,hard,0.655367231638418,265,88,89,44,3,3,0,16.1544189453125,4.864511013031006,0.6818181818181818,0.5454545454545454,0.6818181818181818,0.5047021943573667,0.1363636363636363,0.0407523510971786,0.0956112852664576,True
diabetes,3,logistic_regression,"C=1,solver=liblinear",,easy,0.672316384180791,265,88,89,45,3,3,0,17.15814208984375,21.84065055847168,0.7840909090909091,0.9111111111111112,0.7840909090909091,0.9104469987228604,0.127020202020202,0.0006641123882507,0.1263560896319513,True
diabetes,3,logistic_regression,"C=1,solver=liblinear",,hard,0.672316384180791,265,88,89,44,3,3,0,17.15814208984375,5.4667768478393555,0.7840909090909091,0.5,0.7840909090909091,0.5862068965517242,0.284090909090909,0.0862068965517242,0.1978840125391848,True
diabetes,4,logistic_regression,"C=1,solver=liblinear",,easy,0.6779661016949152,265,88,89,45,3,3,0,16.83808135986328,23.877159118652344,0.7954545454545454,0.9555555555555556,0.7954545454545454,0.8933844189016606,0.1601010101010102,0.0621711366538949,0.0979298734471152,True
diabetes,4,logistic_regression,"C=1,solver=liblinear",,hard,0.6779661016949152,265,88,89,44,3,3,0,16.83808135986328,5.6570820808410645,0.7954545454545454,0.4318181818181818,0.7954545454545454,0.6771159874608149,0.3636363636363636,0.2452978056426331,0.1183385579937305,True
diabetes,5,logistic_regression,"C=1,solver=liblinear",,easy,0.6779661016949152,265,88,89,45,3,3,0,17.297204971313477,31.497390747070312,0.7386363636363636,0.9555555555555556,0.7386363636363636,0.8928735632183907,0.2169191919191919,0.0626819923371648,0.154237199582027,True
diabetes,5,logistic_regression,"C=1,solver=liblinear",,hard,0.6779661016949152,265,88,89,44,3,3,0,17.297204971313477,7.630714893341064,0.7386363636363636,0.6590909090909091,0.7386363636363636,0.6614420062695925,0.0795454545454545,0.0023510971786834,0.0771943573667711,True
diabetes,6,logistic_regression,"C=1,solver=liblinear",,easy,0.6779661016949152,265,88,89,45,3,3,0,16.92070770263672,27.861175537109375,0.7386363636363636,0.9111111111111112,0.7386363636363636,0.8866411238825034,0.1724747474747474,0.0244699872286077,0.1480047602461397,True
diabetes,6,logistic_regression,"C=1,solver=liblinear",,hard,0.6779661016949152,265,88,89,44,3,3,0,16.92070770263672,6.77287483215332,0.7386363636363636,0.5909090909090909,0.7386363636363636,0.5893416927899687,0.1477272727272727,0.0015673981191222,0.1461598746081505,True
diabetes,7,logistic_regression,"C=1,solver=liblinear",,easy,0.672316384180791,265,88,89,45,3,3,0,16.455005645751953,27.338886260986328,0.75,0.9333333333333332,0.75,0.8809961685823754,0.1833333333333333,0.0523371647509579,0.1309961685823754,True
diabetes,7,logistic_regression,"C=1,solver=liblinear",,hard,0.672316384180791,265,88,89,44,3,3,0,16.455005645751953,5.740118503570557,0.75,0.5454545454545454,0.75,0.6010971786833857,0.2045454545454545,0.0556426332288403,0.1489028213166142,True
diabetes,8,logistic_regression,"C=1,solver=liblinear",,easy,0.672316384180791,265,88,89,45,3,3,0,18.284832000732425,37.305870056152344,0.7840909090909091,0.9777777777777776,0.7840909090909091,0.920868454661558,0.1936868686868686,0.0569093231162198,0.1367775455706488,True
diabetes,8,logistic_regression,"C=1,solver=liblinear",,hard,0.672316384180791,265,88,89,44,3,3,0,18.284832000732425,7.947765827178955,0.7840909090909091,0.4772727272727273,0.7840909090909091,0.7264890282131661,0.3068181818181817,0.2492163009404387,0.0576018808777429,True
diabetes,9,logistic_regression,"C=1,solver=liblinear",,easy,0.7005649717514124,265,88,89,45,3,3,0,13.238202095031738,21.33701515197754,0.7386363636363636,0.9333333333333332,0.7386363636363636,0.8065134099616857,0.1946969696969697,0.1268199233716476,0.0678770463253221,True
diabetes,9,logistic_regression,"C=1,solver=liblinear",,hard,0.7005649717514124,265,88,89,44,3,3,0,13.238202095031738,4.924746990203857,0.7386363636363636,0.7045454545454546,0.7386363636363636,0.6504702194357367,0.034090909090909,0.0540752351097179,-0.0199843260188088,False
diabetes,0,mlp,"hidden_width=32,solver=lbfgs",,easy,0.6779661016949152,265,88,89,45,3,3,0,14.059371948242188,29.73322296142578,0.75,0.9777777777777776,0.75,0.9239846743295016,0.2277777777777777,0.053793103448276,0.1739846743295017,True
diabetes,0,mlp,"hidden_width=32,solver=lbfgs",,hard,0.6779661016949152,265,88,89,44,3,3,0,14.059371948242188,7.856396198272705,0.75,0.8181818181818182,0.75,0.6927899686520377,0.0681818181818182,0.1253918495297805,-0.0572100313479623,False
diabetes,1,mlp,"hidden_width=32,solver=lbfgs",,easy,0.6892655367231638,265,88,89,45,3,3,0,20.730741500854492,32.03206253051758,0.8181818181818182,0.9777777777777776,0.8181818181818182,0.9248275862068964,0.1595959595959595,0.0529501915708812,0.1066457680250783,True
diabetes,1,mlp,"hidden_width=32,solver=lbfgs",,hard,0.6892655367231638,265,88,89,44,3,3,0,20.730741500854492,6.638490200042725,0.8181818181818182,0.7954545454545454,0.8181818181818182,0.7084639498432602,0.0227272727272728,0.0869905956112851,-0.0642633228840123,False
diabetes,2,mlp,"hidden_width=32,solver=lbfgs",,easy,0.655367231638418,265,88,89,45,3,3,0,16.1544189453125,26.35328483581543,0.8522727272727273,0.9111111111111112,0.8522727272727273,0.9153512132822476,0.0588383838383838,0.0042401021711364,0.0545982816672473,True
diabetes,2,mlp,"hidden_width=32,solver=lbfgs",,hard,0.655367231638418,265,88,89,44,3,3,0,16.1544189453125,4.864511013031006,0.8522727272727273,0.6590909090909091,0.8522727272727273,0.7711598746081504,0.1931818181818182,0.1120689655172413,0.0811128526645769,True
diabetes,3,mlp,"hidden_width=32,solver=lbfgs",,easy,0.672316384180791,265,88,89,45,3,3,0,17.15814208984375,21.84065055847168,0.8409090909090909,1.0,0.8409090909090909,0.9659514687100892,0.159090909090909,0.0340485312899107,0.1250423778009983,True
diabetes,3,mlp,"hidden_width=32,solver=lbfgs",,hard,0.672316384180791,265,88,89,44,3,3,0,17.15814208984375,5.4667768478393555,0.8409090909090909,0.6363636363636364,0.8409090909090909,0.6551724137931033,0.2045454545454545,0.0188087774294669,0.1857366771159876,True
diabetes,4,mlp,"hidden_width=32,solver=lbfgs",,easy,0.6779661016949152,265,88,89,45,3,3,0,16.83808135986328,23.877159118652344,0.8977272727272727,0.9777777777777776,0.8977272727272727,0.9739463601532564,0.080050505050505,0.0038314176245213,0.0762190874259837,True
diabetes,4,mlp,"hidden_width=32,solver=lbfgs",,hard,0.6779661016949152,265,88,89,44,3,3,0,16.83808135986328,5.6570820808410645,0.8977272727272727,0.6818181818181818,0.8977272727272727,0.8056426332288402,0.2159090909090909,0.1238244514106584,0.0920846394984324,True
diabetes,5,mlp,"hidden_width=32,solver=lbfgs",,easy,0.6779661016949152,265,88,89,45,3,3,0,17.297204971313477,31.497390747070312,0.75,0.9777777777777776,0.75,0.9550957854406132,0.2277777777777777,0.0226819923371646,0.2050957854406131,True
diabetes,5,mlp,"hidden_width=32,solver=lbfgs",,hard,0.6779661016949152,265,88,89,44,3,3,0,17.297204971313477,7.630714893341064,0.75,0.7045454545454546,0.75,0.6449843260188088,0.0454545454545454,0.0595611285266457,-0.0141065830721003,False
diabetes,6,mlp,"hidden_width=32,solver=lbfgs",,easy,0.6779661016949152,265,88,89,45,3,3,0,16.92070770263672,27.861175537109375,0.8863636363636364,0.9333333333333332,0.8863636363636364,0.9800766283524904,0.0469696969696969,0.0467432950191569,0.00022640195054,True
diabetes,6,mlp,"hidden_width=32,solver=lbfgs",,hard,0.6779661016949152,265,88,89,44,3,3,0,16.92070770263672,6.77287483215332,0.8863636363636364,0.7727272727272727,0.8863636363636364,0.780564263322884,0.1136363636363636,0.0078369905956112,0.1057993730407523,True
diabetes,7,mlp,"hidden_width=32,solver=lbfgs",,easy,0.672316384180791,265,88,89,45,3,3,0,16.455005645751953,27.338886260986328,0.7613636363636364,0.9555555555555556,0.7613636363636364,0.8871264367816091,0.1941919191919192,0.0684291187739465,0.1257628004179727,True
diabetes,7,mlp,"hidden_width=32,solver=lbfgs",,hard,0.672316384180791,265,88,89,44,3,3,0,16.455005645751953,5.740118503570557,0.7613636363636364,0.6363636363636364,0.7613636363636364,0.6081504702194358,0.125,0.0282131661442005,0.0967868338557994,True
diabetes,8,mlp,"hidden_width=32,solver=lbfgs",,easy,0.672316384180791,265,88,89,45,3,3,0,18.284832000732425,37.305870056152344,0.8977272727272727,1.0,0.8977272727272727,0.9938697318007664,0.1022727272727272,0.0061302681992336,0.0961424590734936,True
diabetes,8,mlp,"hidden_width=32,solver=lbfgs",,hard,0.672316384180791,265,88,89,44,3,3,0,18.284832000732425,7.947765827178955,0.8977272727272727,0.7272727272727273,0.8977272727272727,0.8644200626959246,0.1704545454545454,0.1371473354231973,0.033307210031348,True
diabetes,9,mlp,"hidden_width=32,solver=lbfgs",,easy,0.7005649717514124,265,88,89,45,3,3,0,13.238202095031738,21.33701515197754,0.7613636363636364,0.9777777777777776,0.7613636363636364,0.8403575989782883,0.2164141414141414,0.1374201787994894,0.0789939626146519,True
diabetes,9,mlp,"hidden_width=32,solver=lbfgs",,hard,0.7005649717514124,265,88,89,44,3,3,0,13.238202095031738,4.924746990203857,0.7613636363636364,0.7954545454545454,0.7613636363636364,0.6653605015673981,0.034090909090909,0.1300940438871473,-0.0960031347962382,False
wine,0,decision_tree,depth=5,5.0,easy,0.9722222222222222,106,36,36,18,3,3,0,24.486328125,31.513851165771484,0.9722222222222222,1.0,0.9722222222222222,1.0,0.0277777777777777,0.0,0.0277777777777777,True
wine,0,decision_tree,depth=5,5.0,hard,0.9722222222222222,106,36,36,18,3,3,0,24.486328125,15.268434524536133,0.9722222222222222,0.8888888888888888,0.9722222222222222,0.9212962962962964,0.0833333333333333,0.0324074074074074,0.0509259259259259,True
wine,1,decision_tree,depth=5,5.0,easy,0.9861111111111112,106,36,36,18,3,3,0,22.88946533203125,31.31587028503418,0.9444444444444444,1.0,0.9444444444444444,1.0,0.0555555555555555,0.0,0.0555555555555555,True
wine,1,decision_tree,depth=5,5.0,hard,0.9861111111111112,106,36,36,18,3,3,0,22.88946533203125,16.23413848876953,0.9444444444444444,0.9444444444444444,0.9444444444444444,0.8981481481481483,0.0,0.0462962962962961,-0.0462962962962961,False
wine,2,decision_tree,depth=5,5.0,easy,1.0,106,36,36,18,3,3,0,23.218965530395508,27.20873260498047,0.9722222222222222,1.0,0.9722222222222222,1.0,0.0277777777777777,0.0,0.0277777777777777,True
wine,2,decision_tree,depth=5,5.0,hard,1.0,106,36,36,18,3,3,0,23.218965530395508,16.347637176513672,0.9722222222222222,0.8888888888888888,0.9722222222222222,0.9351851851851852,0.0833333333333333,0.0462962962962962,0.037037037037037,True
wine,3,decision_tree,depth=5,5.0,easy,0.9861111111111112,106,36,36,18,3,3,0,22.82971954345703,28.06178855895996,0.9722222222222222,0.9444444444444444,0.9722222222222222,1.0,0.0277777777777777,0.0555555555555555,-0.0277777777777777,False
wine,3,decision_tree,depth=5,5.0,hard,0.9861111111111112,106,36,36,18,3,3,0,22.82971954345703,13.397342681884766,0.9722222222222222,0.8333333333333334,0.9722222222222222,0.9212962962962964,0.1388888888888888,0.0879629629629629,0.0509259259259259,True
wine,4,decision_tree,depth=5,5.0,easy,1.0,106,36,36,18,3,3,0,25.162382125854492,27.65752410888672,1.0,1.0,1.0,1.0,0.0,0.0,0.0,False
wine,4,decision_tree,depth=5,5.0,hard,1.0,106,36,36,18,3,3,0,25.162382125854492,19.54595375061035,1.0,0.8888888888888888,1.0,1.0,0.1111111111111111,0.1111111111111111,0.0,False
wine,5,decision_tree,depth=5,5.0,easy,1.0,106,36,36,18,3,3,0,25.262678146362305,29.799041748046875,0.9166666666666666,1.0,0.9166666666666666,0.9166666666666666,0.0833333333333333,0.0833333333333333,0.0,False
wine,5,decision_tree,depth=5,5.0,hard,1.0,106,36,36,18,3,3,0,25.262678146362305,17.92647361755371,0.9166666666666666,0.9444444444444444,0.9166666666666666,0.9120370370370368,0.0277777777777777,0.0324074074074075,-0.0046296296296297,False
wine,6,decision_tree,depth=5,5.0,easy,1.0,106,36,36,18,3,3,0,22.016218185424805,27.38878631591797,0.9444444444444444,1.0,0.9444444444444444,1.0,0.0555555555555555,0.0,0.0555555555555555,True
wine,6,decision_tree,depth=5,5.0,hard,1.0,106,36,36,18,3,3,0,22.016218185424805,14.378609657287598,0.9444444444444444,1.0,0.9444444444444444,0.8425925925925927,0.0555555555555555,0.1574074074074073,-0.1018518518518517,False
wine,7,decision_tree,depth=5,5.0,easy,1.0,106,36,36,18,3,3,0,22.36052131652832,29.49676513671875,0.9444444444444444,0.9444444444444444,0.9444444444444444,1.0,0.0,0.0555555555555555,-0.0555555555555555,False
wine,7,decision_tree,depth=5,5.0,hard,1.0,106,36,36,18,3,3,0,22.36052131652832,17.378162384033203,0.9444444444444444,0.9444444444444444,0.9444444444444444,0.9074074074074072,0.0,0.037037037037037,-0.037037037037037,False
wine,8,decision_tree,depth=5,5.0,easy,1.0,106,36,36,18,3,3,0,23.667943954467773,27.425264358520508,0.9444444444444444,1.0,0.9444444444444444,1.0,0.0555555555555555,0.0,0.0555555555555555,True
wine,8,decision_tree,depth=5,5.0,hard,1.0,106,36,36,18,3,3,0,23.667943954467773,17.106063842773438,0.9444444444444444,0.8888888888888888,0.9444444444444444,0.9074074074074076,0.0555555555555555,0.0185185185185187,0.0370370370370368,True
wine,9,decision_tree,depth=5,5.0,easy,1.0,106,36,36,18,3,3,0,23.372766494750977,28.401975631713867,0.9166666666666666,1.0,0.9166666666666666,0.9722222222222222,0.0833333333333333,0.0277777777777777,0.0555555555555555,True
wine,9,decision_tree,depth=5,5.0,hard,1.0,106,36,36,18,3,3,0,23.372766494750977,14.113734245300291,0.9166666666666666,1.0,0.9166666666666666,0.75,0.0833333333333333,0.25,-0.1666666666666666,False
wine,0,knn,k=5,,easy,0.9722222222222222,106,36,36,18,3,3,0,24.486328125,31.513851165771484,1.0,1.0,1.0,1.0,0.0,0.0,0.0,False
wine,0,knn,k=5,,hard,0.9722222222222222,106,36,36,18,3,3,0,24.486328125,15.268434524536133,1.0,0.9444444444444444,1.0,1.0,0.0555555555555555,0.0555555555555555,0.0,False
wine,1,knn,k=5,,easy,0.9861111111111112,106,36,36,18,3,3,0,22.88946533203125,31.31587028503418,0.9722222222222222,1.0,0.9722222222222222,1.0,0.0277777777777777,0.0,0.0277777777777777,True
wine,1,knn,k=5,,hard,0.9861111111111112,106,36,36,18,3,3,0,22.88946533203125,16.23413848876953,0.9722222222222222,0.9444444444444444,0.9722222222222222,0.949074074074074,0.0277777777777777,0.0046296296296295,0.0231481481481482,True
wine,2,knn,k=5,,easy,1.0,106,36,36,18,3,3,0,23.218965530395508,27.20873260498047,0.9722222222222222,1.0,0.9722222222222222,1.0,0.0277777777777777,0.0,0.0277777777777777,True
wine,2,knn,k=5,,hard,1.0,106,36,36,18,3,3,0,23.218965530395508,16.347637176513672,0.9722222222222222,0.9444444444444444,0.9722222222222222,0.9351851851851852,0.0277777777777777,0.0092592592592593,0.0185185185185184,True
wine,3,knn,k=5,,easy,0.9861111111111112,106,36,36,18,3,3,0,22.82971954345703,28.06178855895996,0.9722222222222222,1.0,0.9722222222222222,0.9583333333333334,0.0277777777777777,0.0416666666666666,-0.0138888888888888,False
wine,3,knn,k=5,,hard,0.9861111111111112,106,36,36,18,3,3,0,22.82971954345703,13.397342681884766,0.9722222222222222,0.7777777777777778,0.9722222222222222,0.9953703703703702,0.1944444444444444,0.2175925925925924,-0.023148148148148,False
wine,4,knn,k=5,,easy,1.0,106,36,36,18,3,3,0,25.162382125854492,27.65752410888672,1.0,1.0,1.0,1.0,0.0,0.0,0.0,False
wine,4,knn,k=5,,hard,1.0,106,36,36,18,3,3,0,25.162382125854492,19.54595375061035,1.0,1.0,1.0,1.0,0.0,0.0,0.0,False
wine,5,knn,k=5,,easy,1.0,106,36,36,18,3,3,0,25.262678146362305,29.799041748046875,1.0,1.0,1.0,1.0,0.0,0.0,0.0,False
wine,5,knn,k=5,,hard,1.0,106,36,36,18,3,3,0,25.262678146362305,17.92647361755371,1.0,0.9444444444444444,1.0,1.0,0.0555555555555555,0.0555555555555555,0.0,False
wine,6,knn,k=5,,easy,1.0,106,36,36,18,3,3,0,22.016218185424805,27.38878631591797,1.0,1.0,1.0,1.0,0.0,0.0,0.0,False
wine,6,knn,k=5,,hard,1.0,106,36,36,18,3,3,0,22.016218185424805,14.378609657287598,1.0,0.9444444444444444,1.0,1.0,0.0555555555555555,0.0555555555555555,0.0,False
wine,7,knn,k=5,,easy,1.0,106,36,36,18,3,3,0,22.36052131652832,29.49676513671875,0.9722222222222222,1.0,0.9722222222222222,1.0,0.0277777777777777,0.0,0.0277777777777777,True
wine,7,knn,k=5,,hard,1.0,106,36,36,18,3,3,0,22.36052131652832,17.378162384033203,0.9722222222222222,1.0,0.9722222222222222,0.9537037037037036,0.0277777777777777,0.0462962962962962,-0.0185185185185184,False
wine,8,knn,k=5,,easy,1.0,106,36,36,18,3,3,0,23.667943954467773,27.425264358520508,1.0,1.0,1.0,1.0,0.0,0.0,0.0,False
wine,8,knn,k=5,,hard,1.0,106,36,36,18,3,3,0,23.667943954467773,17.106063842773438,1.0,0.9444444444444444,1.0,1.0,0.0555555555555555,0.0555555555555555,0.0,False
wine,9,knn,k=5,,easy,1.0,106,36,36,18,3,3,0,23.372766494750977,28.401975631713867,1.0,1.0,1.0,1.0,0.0,0.0,0.0,False
wine,9,knn,k=5,,hard,1.0,106,36,36,18,3,3,0,23.372766494750977,14.113734245300291,1.0,0.9444444444444444,1.0,1.0,0.0555555555555555,0.0555555555555555,0.0,False
wine,0,logistic_regression,"C=1,solver=liblinear",,easy,0.9722222222222222,106,36,36,18,3,3,0,24.486328125,31.513851165771484,1.0,1.0,1.0,1.0,0.0,0.0,0.0,False
wine,0,logistic_regression,"C=1,solver=liblinear",,hard,0.9722222222222222,106,36,36,18,3,3,0,24.486328125,15.268434524536133,1.0,1.0,1.0,1.0,0.0,0.0,0.0,False
wine,1,logistic_regression,"C=1,solver=liblinear",,easy,0.9861111111111112,106,36,36,18,3,3,0,22.88946533203125,31.31587028503418,1.0,1.0,1.0,1.0,0.0,0.0,0.0,False
wine,1,logistic_regression,"C=1,solver=liblinear",,hard,0.9861111111111112,106,36,36,18,3,3,0,22.88946533203125,16.23413848876953,1.0,1.0,1.0,1.0,0.0,0.0,0.0,False
wine,2,logistic_regression,"C=1,solver=liblinear",,easy,1.0,106,36,36,18,3,3,0,23.218965530395508,27.20873260498047,1.0,1.0,1.0,1.0,0.0,0.0,0.0,False
wine,2,logistic_regression,"C=1,solver=liblinear",,hard,1.0,106,36,36,18,3,3,0,23.218965530395508,16.347637176513672,1.0,1.0,1.0,1.0,0.0,0.0,0.0,False
wine,3,logistic_regression,"C=1,solver=liblinear",,easy,0.9861111111111112,106,36,36,18,3,3,0,22.82971954345703,28.06178855895996,1.0,1.0,1.0,1.0,0.0,0.0,0.0,False
wine,3,logistic_regression,"C=1,solver=liblinear",,hard,0.9861111111111112,106,36,36,18,3,3,0,22.82971954345703,13.397342681884766,1.0,0.8888888888888888,1.0,1.0,0.1111111111111111,0.1111111111111111,0.0,False
wine,4,logistic_regression,"C=1,solver=liblinear",,easy,1.0,106,36,36,18,3,3,0,25.162382125854492,27.65752410888672,1.0,1.0,1.0,1.0,0.0,0.0,0.0,False
wine,4,logistic_regression,"C=1,solver=liblinear",,hard,1.0,106,36,36,18,3,3,0,25.162382125854492,19.54595375061035,1.0,1.0,1.0,1.0,0.0,0.0,0.0,False
wine,5,logistic_regression,"C=1,solver=liblinear",,easy,1.0,106,36,36,18,3,3,0,25.262678146362305,29.799041748046875,1.0,1.0,1.0,1.0,0.0,0.0,0.0,False
wine,5,logistic_regression,"C=1,solver=liblinear",,hard,1.0,106,36,36,18,3,3,0,25.262678146362305,17.92647361755371,1.0,1.0,1.0,1.0,0.0,0.0,0.0,False
wine,6,logistic_regression,"C=1,solver=liblinear",,easy,1.0,106,36,36,18,3,3,0,22.016218185424805,27.38878631591797,1.0,1.0,1.0,1.0,0.0,0.0,0.0,False
wine,6,logistic_regression,"C=1,solver=liblinear",,hard,1.0,106,36,36,18,3,3,0,22.016218185424805,14.378609657287598,1.0,1.0,1.0,1.0,0.0,0.0,0.0,False
wine,7,logistic_regression,"C=1,solver=liblinear",,easy,1.0,106,36,36,18,3,3,0,22.36052131652832,29.49676513671875,1.0,1.0,1.0,1.0,0.0,0.0,0.0,False
wine,7,logistic_regression,"C=1,solver=liblinear",,hard,1.0,106,36,36,18,3,3,0,22.36052131652832,17.378162384033203,1.0,1.0,1.0,1.0,0.0,0.0,0.0,False
wine,8,logistic_regression,"C=1,solver=liblinear",,easy,1.0,106,36,36,18,3,3,0,23.667943954467773,27.425264358520508,1.0,1.0,1.0,1.0,0.0,0.0,0.0,False
wine,8,logistic_regression,"C=1,solver=liblinear",,hard,1.0,106,36,36,18,3,3,0,23.667943954467773,17.106063842773438,1.0,0.9444444444444444,1.0,1.0,0.0555555555555555,0.0555555555555555,0.0,False
wine,9,logistic_regression,"C=1,solver=liblinear",,easy,1.0,106,36,36,18,3,3,0,23.372766494750977,28.401975631713867,1.0,1.0,1.0,1.0,0.0,0.0,0.0,False
wine,9,logistic_regression,"C=1,solver=liblinear",,hard,1.0,106,36,36,18,3,3,0,23.372766494750977,14.113734245300291,1.0,1.0,1.0,1.0,0.0,0.0,0.0,False
wine,0,mlp,"hidden_width=32,solver=lbfgs",,easy,0.9722222222222222,106,36,36,18,3,3,0,24.486328125,31.513851165771484,1.0,1.0,1.0,1.0,0.0,0.0,0.0,False
wine,0,mlp,"hidden_width=32,solver=lbfgs",,hard,0.9722222222222222,106,36,36,18,3,3,0,24.486328125,15.268434524536133,1.0,1.0,1.0,1.0,0.0,0.0,0.0,False
wine,1,mlp,"hidden_width=32,solver=lbfgs",,easy,0.9861111111111112,106,36,36,18,3,3,0,22.88946533203125,31.31587028503418,1.0,1.0,1.0,1.0,0.0,0.0,0.0,False
wine,1,mlp,"hidden_width=32,solver=lbfgs",,hard,0.9861111111111112,106,36,36,18,3,3,0,22.88946533203125,16.23413848876953,1.0,0.9444444444444444,1.0,1.0,0.0555555555555555,0.0555555555555555,0.0,False
wine,2,mlp,"hidden_width=32,solver=lbfgs",,easy,1.0,106,36,36,18,3,3,0,23.218965530395508,27.20873260498047,1.0,1.0,1.0,1.0,0.0,0.0,0.0,False
wine,2,mlp,"hidden_width=32,solver=lbfgs",,hard,1.0,106,36,36,18,3,3,0,23.218965530395508,16.347637176513672,1.0,1.0,1.0,1.0,0.0,0.0,0.0,False
wine,3,mlp,"hidden_width=32,solver=lbfgs",,easy,0.9861111111111112,106,36,36,18,3,3,0,22.82971954345703,28.06178855895996,1.0,1.0,1.0,1.0,0.0,0.0,0.0,False
wine,3,mlp,"hidden_width=32,solver=lbfgs",,hard,0.9861111111111112,106,36,36,18,3,3,0,22.82971954345703,13.397342681884766,1.0,0.9444444444444444,1.0,1.0,0.0555555555555555,0.0555555555555555,0.0,False
wine,4,mlp,"hidden_width=32,solver=lbfgs",,easy,1.0,106,36,36,18,3,3,0,25.162382125854492,27.65752410888672,1.0,1.0,1.0,1.0,0.0,0.0,0.0,False
wine,4,mlp,"hidden_width=32,solver=lbfgs",,hard,1.0,106,36,36,18,3,3,0,25.162382125854492,19.54595375061035,1.0,1.0,1.0,1.0,0.0,0.0,0.0,False
wine,5,mlp,"hidden_width=32,solver=lbfgs",,easy,1.0,106,36,36,18,3,3,0,25.262678146362305,29.799041748046875,1.0,1.0,1.0,1.0,0.0,0.0,0.0,False
wine,5,mlp,"hidden_width=32,solver=lbfgs",,hard,1.0,106,36,36,18,3,3,0,25.262678146362305,17.92647361755371,1.0,1.0,1.0,1.0,0.0,0.0,0.0,False
wine,6,mlp,"hidden_width=32,solver=lbfgs",,easy,1.0,106,36,36,18,3,3,0,22.016218185424805,27.38878631591797,1.0,1.0,1.0,1.0,0.0,0.0,0.0,False
wine,6,mlp,"hidden_width=32,solver=lbfgs",,hard,1.0,106,36,36,18,3,3,0,22.016218185424805,14.378609657287598,1.0,1.0,1.0,1.0,0.0,0.0,0.0,False
wine,7,mlp,"hidden_width=32,solver=lbfgs",,easy,1.0,106,36,36,18,3,3,0,22.36052131652832,29.49676513671875,1.0,1.0,1.0,1.0,0.0,0.0,0.0,False
wine,7,mlp,"hidden_width=32,solver=lbfgs",,hard,1.0,106,36,36,18,3,3,0,22.36052131652832,17.378162384033203,1.0,1.0,1.0,1.0,0.0,0.0,0.0,False
wine,8,mlp,"hidden_width=32,solver=lbfgs",,easy,1.0,106,36,36,18,3,3,0,23.667943954467773,27.425264358520508,1.0,1.0,1.0,1.0,0.0,0.0,0.0,False
wine,8,mlp,"hidden_width=32,solver=lbfgs",,hard,1.0,106,36,36,18,3,3,0,23.667943954467773,17.106063842773438,1.0,0.9444444444444444,1.0,1.0,0.0555555555555555,0.0555555555555555,0.0,False
wine,9,mlp,"hidden_width=32,solver=lbfgs",,easy,1.0,106,36,36,18,3,3,0,23.372766494750977,28.401975631713867,1.0,1.0,1.0,1.0,0.0,0.0,0.0,False
wine,9,mlp,"hidden_width=32,solver=lbfgs",,hard,1.0,106,36,36,18,3,3,0,23.372766494750977,14.113734245300291,1.0,1.0,1.0,1.0,0.0,0.0,0.0,False
